DATE	HOUR	STATION	CO	FSP	NO2	NOX	O3	RSP	SO2
2016-03-16	1	TSEUNG KWAN O							
2016-03-16	2	TSEUNG KWAN O							
2016-03-16	3	TSEUNG KWAN O							
2016-03-16	4	TSEUNG KWAN O							
2016-03-16	5	TSEUNG KWAN O							
2016-03-16	6	TSEUNG KWAN O							
2016-03-16	7	TSEUNG KWAN O							
2016-03-16	8	TSEUNG KWAN O							
2016-03-16	9	TSEUNG KWAN O							
2016-03-16	10	TSEUNG KWAN O	75.0	28.0	16.0	21.0	76.0	32.0	2.0
2016-03-16	11	TSEUNG KWAN O	74.0	29.0	15.0	19.0	76.0	32.0	3.0
2016-03-16	12	TSEUNG KWAN O	74.0	28.0	15.0	20.0	78.0	32.0	3.0
2016-03-16	13	TSEUNG KWAN O	73.0	26.0	14.0	18.0	81.0	32.0	3.0
2016-03-16	14	TSEUNG KWAN O	74.0	28.0	16.0	21.0	80.0	36.0	3.0
2016-03-16	15	TSEUNG KWAN O	75.0	32.0	18.0	22.0	81.0	40.0	3.0
2016-03-16	16	TSEUNG KWAN O	74.0	32.0	17.0	22.0	80.0	39.0	2.0
2016-03-16	17	TSEUNG KWAN O	74.0	31.0	22.0	27.0	78.0	39.0	2.0
2016-03-16	18	TSEUNG KWAN O	73.0	29.0	20.0	24.0	79.0	42.0	2.0
2016-03-16	19	TSEUNG KWAN O	74.0	31.0	19.0	25.0	77.0	44.0	2.0
2016-03-16	20	TSEUNG KWAN O	76.0	27.0	20.0	24.0	72.0	44.0	2.0
2016-03-16	21	TSEUNG KWAN O	80.0	27.0	19.0	23.0	70.0	44.0	2.0
2016-03-16	22	TSEUNG KWAN O	83.0	29.0	17.0	21.0	68.0	46.0	2.0
2016-03-16	23	TSEUNG KWAN O	83.0	32.0	16.0	20.0	65.0	46.0	2.0
2016-03-16	24	TSEUNG KWAN O	82.0	31.0	16.0	20.0	66.0	40.0	1.0
2016-03-17	1	TSEUNG KWAN O	78.0	28.0	18.0	22.0	70.0	33.0	1.0
2016-03-17	2	TSEUNG KWAN O	86.0	23.0	12.0	16.0	58.0	28.0	1.0
2016-03-17	3	TSEUNG KWAN O	84.0	22.0	10.0	14.0	63.0	29.0	1.0
2016-03-17	4	TSEUNG KWAN O	77.0	25.0	10.0	13.0	68.0	31.0	1.0
2016-03-17	5	TSEUNG KWAN O	78.0	23.0	9.0	13.0	64.0	29.0	1.0
2016-03-17	6	TSEUNG KWAN O	76.0	21.0	12.0	15.0	61.0	22.0	1.0
2016-03-17	7	TSEUNG KWAN O	80.0	18.0	22.0	27.0	50.0	17.0	1.0
2016-03-17	8	TSEUNG KWAN O	83.0	14.0	30.0	40.0	43.0	17.0	1.0
2016-03-17	9	TSEUNG KWAN O	83.0	12.0	26.0	37.0	43.0	17.0	1.0
2016-03-17	10	TSEUNG KWAN O	83.0	12.0	23.0	30.0	46.0	17.0	1.0
2016-03-17	11	TSEUNG KWAN O	82.0	15.0	23.0	28.0	46.0	18.0	1.0
2016-03-17	12	TSEUNG KWAN O	75.0	20.0	20.0	25.0	62.0	21.0	1.0
2016-03-17	13	TSEUNG KWAN O	79.0	17.0	21.0	26.0	55.0	19.0	1.0
2016-03-17	14	TSEUNG KWAN O	81.0	11.0	23.0	29.0	51.0	16.0	1.0
2016-03-17	15	TSEUNG KWAN O	81.0	8.0	25.0	31.0	49.0	15.0	1.0
2016-03-17	16	TSEUNG KWAN O	76.0	10.0	28.0	34.0	52.0	14.0	2.0
2016-03-17	17	TSEUNG KWAN O	78.0	10.0	31.0	37.0	49.0	12.0	2.0
2016-03-17	18	TSEUNG KWAN O	80.0	14.0	29.0	36.0	54.0	14.0	2.0
2016-03-17	19	TSEUNG KWAN O	82.0	17.0	30.0	36.0	50.0	19.0	2.0
2016-03-17	20	TSEUNG KWAN O	82.0	16.0	28.0	34.0	50.0	22.0	2.0
2016-03-17	21	TSEUNG KWAN O	87.0	15.0	35.0	42.0	41.0	19.0	1.0
2016-03-17	22	TSEUNG KWAN O	84.0	11.0	23.0	27.0	48.0	15.0	2.0
2016-03-17	23	TSEUNG KWAN O	85.0	12.0	29.0	34.0	44.0	20.0	1.0
2016-03-17	24	TSEUNG KWAN O	93.0	19.0	51.0	59.0	21.0	33.0	2.0
2016-03-18	1	TSEUNG KWAN O	79.0	23.0	23.0	26.0	50.0	37.0	2.0
2016-03-18	2	TSEUNG KWAN O	76.0	21.0	16.0	20.0	54.0	34.0	2.0
2016-03-18	3	TSEUNG KWAN O	75.0	19.0	11.0	15.0	59.0	30.0	2.0
2016-03-18	4	TSEUNG KWAN O		20.0				35.0	
2016-03-18	5	TSEUNG KWAN O	72.0	22.0	10.0	13.0	56.0	38.0	2.0
2016-03-18	6	TSEUNG KWAN O	73.0	21.0	11.0	14.0	57.0	37.0	2.0
2016-03-18	7	TSEUNG KWAN O	83.0	17.0	38.0	45.0	25.0	37.0	3.0
2016-03-18	8	TSEUNG KWAN O	95.0	18.0	54.0	99.0	11.0	37.0	3.0
2016-03-18	9	TSEUNG KWAN O	122.0	18.0	72.0	201.0	4.0	41.0	5.0
2016-03-18	10	TSEUNG KWAN O	116.0	19.0	72.0	201.0	7.0	54.0	5.0
2016-03-18	11	TSEUNG KWAN O	86.0	19.0	29.0	38.0	35.0	62.0	3.0
2016-03-18	12	TSEUNG KWAN O	87.0	19.0	28.0	40.0	38.0	45.0	3.0
2016-03-18	13	TSEUNG KWAN O	86.0	30.0	27.0	37.0	43.0	29.0	2.0
2016-03-18	14	TSEUNG KWAN O	88.0		33.0	46.0	39.0	31.0	3.0
2016-03-18	15	TSEUNG KWAN O	80.0		26.0	32.0	47.0	37.0	2.0
2016-03-18	16	TSEUNG KWAN O	81.0	31.0	33.0	48.0	40.0	30.0	2.0
2016-03-18	17	TSEUNG KWAN O	78.0	21.0	29.0	34.0	44.0	31.0	3.0
2016-03-18	18	TSEUNG KWAN O	78.0	28.0	31.0	35.0	42.0	40.0	3.0
2016-03-18	19	TSEUNG KWAN O	80.0	29.0	27.0	33.0	44.0	37.0	3.0
2016-03-18	20	TSEUNG KWAN O	85.0	27.0	34.0	40.0	32.0	32.0	2.0
2016-03-18	21	TSEUNG KWAN O	88.0	22.0	41.0	48.0	24.0	27.0	3.0
2016-03-18	22	TSEUNG KWAN O	90.0	18.0	41.0	51.0	20.0	28.0	3.0
2016-03-18	23	TSEUNG KWAN O	96.0	15.0	38.0	51.0	20.0	27.0	3.0
2016-03-18	24	TSEUNG KWAN O	82.0	16.0	23.0	27.0	38.0	26.0	2.0
2016-03-19	1	TSEUNG KWAN O	91.0	20.0	36.0	43.0	21.0	29.0	2.0
2016-03-19	2	TSEUNG KWAN O	124.0	16.0	47.0	114.0	4.0	29.0	3.0
2016-03-19	3	TSEUNG KWAN O	132.0	16.0	44.0	114.0	2.0	31.0	3.0
2016-03-19	4	TSEUNG KWAN O	141.0	17.0	36.0	132.0	2.0	28.0	4.0
2016-03-19	5	TSEUNG KWAN O	139.0	16.0	33.0	139.0	2.0	28.0	4.0
2016-03-19	6	TSEUNG KWAN O	129.0	17.0	30.0	123.0	2.0	31.0	3.0
2016-03-19	7	TSEUNG KWAN O	126.0	18.0	35.0	164.0	2.0	31.0	4.0
2016-03-19	8	TSEUNG KWAN O	160.0	17.0	42.0	273.0	2.0	29.0	6.0
2016-03-19	9	TSEUNG KWAN O	111.0	19.0	35.0	120.0	12.0	29.0	4.0
2016-03-19	10	TSEUNG KWAN O	82.0	18.0	26.0	38.0	19.0	22.0	6.0
2016-03-19	11	TSEUNG KWAN O	81.0	18.0	25.0	39.0	20.0		5.0
2016-03-19	12	TSEUNG KWAN O	80.0	20.0	22.0	33.0	26.0		6.0
2016-03-19	13	TSEUNG KWAN O	82.0	20.0	22.0	35.0	31.0	19.0	6.0
2016-03-19	14	TSEUNG KWAN O	81.0	22.0	25.0	37.0	35.0	22.0	10.0
2016-03-19	15	TSEUNG KWAN O	81.0	23.0	27.0	37.0	35.0	25.0	13.0
2016-03-19	16	TSEUNG KWAN O	81.0	30.0	32.0	47.0	31.0	30.0	14.0
2016-03-19	17	TSEUNG KWAN O	81.0	30.0	32.0	45.0	31.0	30.0	11.0
2016-03-19	18	TSEUNG KWAN O	82.0	28.0	42.0	54.0	22.0	34.0	13.0
2016-03-19	19	TSEUNG KWAN O	86.0	32.0	46.0	61.0	15.0	37.0	11.0
2016-03-19	20	TSEUNG KWAN O	114.0	28.0	60.0	137.0	3.0	31.0	7.0
2016-03-19	21	TSEUNG KWAN O	85.0	30.0	54.0	89.0	5.0	31.0	8.0
2016-03-19	22	TSEUNG KWAN O	84.0	32.0	52.0	88.0	5.0	33.0	7.0
2016-03-19	23	TSEUNG KWAN O	81.0	33.0	52.0	83.0	2.0	33.0	14.0
2016-03-19	24	TSEUNG KWAN O	83.0	33.0	52.0	97.0	3.0	37.0	15.0
2016-03-20	1	TSEUNG KWAN O	86.0	30.0	42.0	70.0	4.0	41.0	6.0
2016-03-20	2	TSEUNG KWAN O	66.0	31.0	26.0	30.0	17.0	46.0	8.0
2016-03-20	3	TSEUNG KWAN O	67.0	24.0	31.0	37.0	14.0	37.0	12.0
2016-03-20	4	TSEUNG KWAN O		20.0				26.0	
2016-03-20	5	TSEUNG KWAN O	76.0	29.0	11.0	15.0	85.0	34.0	3.0
2016-03-20	6	TSEUNG KWAN O	75.0	35.0	12.0	17.0	85.0	45.0	3.0
2016-03-20	7	TSEUNG KWAN O	75.0	31.0	14.0	17.0	110.0	47.0	3.0
2016-03-20	8	TSEUNG KWAN O	80.0	33.0	19.0	24.0	113.0	55.0	4.0
2016-03-20	9	TSEUNG KWAN O	82.0	39.0	25.0	31.0	109.0	67.0	5.0
2016-03-20	10	TSEUNG KWAN O	82.0	42.0	23.0	27.0	102.0	71.0	6.0
2016-03-20	11	TSEUNG KWAN O	82.0	31.0	20.0	24.0	100.0	59.0	5.0
2016-03-20	12	TSEUNG KWAN O	82.0	27.0	19.0	23.0	107.0	50.0	4.0
2016-03-20	13	TSEUNG KWAN O	86.0	35.0	18.0	22.0	117.0	53.0	3.0
2016-03-20	14	TSEUNG KWAN O	82.0	41.0	17.0	21.0	115.0	54.0	3.0
2016-03-20	15	TSEUNG KWAN O	83.0	36.0	20.0	25.0	114.0	45.0	4.0
2016-03-20	16	TSEUNG KWAN O	82.0	28.0	17.0	22.0	122.0	32.0	3.0
2016-03-20	17	TSEUNG KWAN O	83.0	29.0	22.0	27.0	128.0	37.0	3.0
2016-03-20	18	TSEUNG KWAN O	79.0	35.0	14.0	18.0	126.0	51.0	3.0
2016-03-20	19	TSEUNG KWAN O	76.0	36.0	19.0	22.0	112.0	55.0	4.0
2016-03-20	20	TSEUNG KWAN O	75.0	32.0	22.0	26.0	100.0	52.0	3.0
2016-03-20	21	TSEUNG KWAN O	76.0	29.0	21.0	25.0	95.0	48.0	5.0
2016-03-20	22	TSEUNG KWAN O	83.0	28.0	21.0	25.0	97.0	50.0	6.0
2016-03-20	23	TSEUNG KWAN O	81.0	32.0	16.0	20.0	100.0	50.0	4.0
2016-03-20	24	TSEUNG KWAN O	81.0	34.0	16.0	20.0	95.0	44.0	4.0
2016-03-21	1	TSEUNG KWAN O	78.0	33.0	17.0	21.0	86.0	42.0	5.0
2016-03-21	2	TSEUNG KWAN O	76.0	34.0	12.0	16.0	84.0	50.0	4.0
2016-03-21	3	TSEUNG KWAN O	74.0	37.0	12.0	15.0	78.0	60.0	4.0
2016-03-21	4	TSEUNG KWAN O	66.0	35.0	9.0	11.0	92.0	56.0	3.0
2016-03-21	5	TSEUNG KWAN O	67.0	26.0	8.0	12.0	104.0	44.0	3.0
2016-03-21	6	TSEUNG KWAN O	72.0	26.0	18.0	23.0	92.0	46.0	3.0
2016-03-21	7	TSEUNG KWAN O	74.0	32.0	18.0	22.0	91.0	50.0	4.0
2016-03-21	8	TSEUNG KWAN O	76.0	36.0	28.0	33.0	84.0	50.0	3.0
2016-03-21	9	TSEUNG KWAN O	78.0	35.0	32.0	38.0	77.0	46.0	3.0
2016-03-21	10	TSEUNG KWAN O	81.0	34.0	34.0	40.0	72.0	41.0	3.0
2016-03-21	11	TSEUNG KWAN O	81.0	32.0	24.0	29.0	78.0	40.0	3.0
2016-03-21	12	TSEUNG KWAN O	82.0	30.0	23.0	28.0	76.0	34.0	3.0
2016-03-21	13	TSEUNG KWAN O	83.0	30.0	25.0	30.0	75.0	31.0	3.0
2016-03-21	14	TSEUNG KWAN O	83.0	26.0	23.0	29.0	79.0	29.0	2.0
2016-03-21	15	TSEUNG KWAN O	80.0	24.0	19.0	24.0	94.0	27.0	2.0
2016-03-21	16	TSEUNG KWAN O	76.0	18.0	16.0	20.0	105.0	22.0	2.0
2016-03-21	17	TSEUNG KWAN O	76.0	8.0	20.0	23.0	98.0	16.0	2.0
2016-03-21	18	TSEUNG KWAN O	76.0	6.0	24.0	29.0	94.0	18.0	2.0
2016-03-21	19	TSEUNG KWAN O	72.0	6.0	14.0	18.0	107.0	12.0	1.0
2016-03-21	20	TSEUNG KWAN O	76.0	4.0	24.0	29.0	96.0	4.0	1.0
2016-03-21	21	TSEUNG KWAN O	76.0	2.0	26.0	30.0	93.0	3.0	2.0
2016-03-21	22	TSEUNG KWAN O	76.0	0.0	18.0	21.0	96.0	6.0	2.0
2016-03-21	23	TSEUNG KWAN O	75.0	3.0	15.0	18.0	96.0	13.0	2.0
2016-03-21	24	TSEUNG KWAN O	77.0	4.0	16.0	20.0	93.0	14.0	2.0
2016-03-22	1	TSEUNG KWAN O	75.0	7.0	10.0	13.0	103.0	12.0	2.0
2016-03-22	2	TSEUNG KWAN O	74.0	7.0	7.0	10.0	106.0	16.0	2.0
2016-03-22	3	TSEUNG KWAN O	70.0	8.0	9.0	11.0	102.0	22.0	2.0
2016-03-22	4	TSEUNG KWAN O		10.0				20.0	
2016-03-22	5	TSEUNG KWAN O	70.0	12.0	9.0	13.0	93.0	17.0	2.0
2016-03-22	6	TSEUNG KWAN O	71.0	17.0	10.0	13.0	92.0	20.0	2.0
2016-03-22	7	TSEUNG KWAN O	73.0	15.0	18.0	22.0	83.0	21.0	2.0
2016-03-22	8	TSEUNG KWAN O	75.0	12.0	22.0	27.0	80.0	21.0	2.0
2016-03-22	9	TSEUNG KWAN O	74.0	13.0	26.0	34.0	74.0	21.0	2.0
2016-03-22	10	TSEUNG KWAN O	73.0	17.0	19.0	24.0	78.0	28.0	2.0
2016-03-22	11	TSEUNG KWAN O	75.0	23.0	28.0	33.0	71.0	37.0	2.0
2016-03-22	12	TSEUNG KWAN O	72.0	22.0	21.0	26.0	83.0	37.0	2.0
2016-03-22	13	TSEUNG KWAN O	71.0	19.0	19.0	23.0	84.0	34.0	2.0
2016-03-22	14	TSEUNG KWAN O	71.0	14.0	14.0	18.0	88.0	27.0	2.0
2016-03-22	15	TSEUNG KWAN O	72.0	14.0	20.0	25.0	80.0	26.0	2.0
2016-03-22	16	TSEUNG KWAN O	74.0	22.0	22.0	27.0	78.0	32.0	3.0
2016-03-22	17	TSEUNG KWAN O	76.0	17.0	27.0	33.0	72.0	35.0	2.0
2016-03-22	18	TSEUNG KWAN O	81.0	17.0	35.0	43.0	63.0	36.0	2.0
2016-03-22	19	TSEUNG KWAN O	80.0	21.0	28.0	35.0	68.0	30.0	2.0
2016-03-22	20	TSEUNG KWAN O	80.0	23.0	25.0	30.0	69.0	29.0	2.0
2016-03-22	21	TSEUNG KWAN O	81.0	23.0	25.0	29.0	65.0	33.0	3.0
2016-03-22	22	TSEUNG KWAN O	82.0	23.0	28.0	33.0	59.0	44.0	4.0
2016-03-22	23	TSEUNG KWAN O	79.0	25.0	19.0	24.0	70.0	48.0	3.0
2016-03-22	24	TSEUNG KWAN O	80.0	22.0	16.0	20.0	74.0	36.0	3.0
2016-03-23	1	TSEUNG KWAN O	78.0	22.0	13.0	16.0	76.0	27.0	2.0
2016-03-23	2	TSEUNG KWAN O	79.0	19.0	12.0	16.0	76.0	24.0	2.0
2016-03-23	3	TSEUNG KWAN O	77.0	18.0	9.0	12.0	78.0	21.0	2.0
2016-03-23	4	TSEUNG KWAN O	77.0	21.0	11.0	14.0	73.0	24.0	2.0
2016-03-23	5	TSEUNG KWAN O	76.0	23.0	9.0	12.0	77.0	28.0	2.0
2016-03-23	6	TSEUNG KWAN O	76.0	23.0	14.0	19.0	72.0	25.0	2.0
2016-03-23	7	TSEUNG KWAN O	76.0	18.0	19.0	26.0	67.0	21.0	2.0
2016-03-23	8	TSEUNG KWAN O	79.0	13.0	29.0	39.0	59.0	18.0	3.0
2016-03-23	9	TSEUNG KWAN O	81.0	16.0	30.0	39.0	54.0	25.0	2.0
2016-03-23	10	TSEUNG KWAN O	79.0	21.0	18.0	22.0	63.0	28.0	2.0
2016-03-23	11	TSEUNG KWAN O	79.0	20.0	19.0	23.0	61.0	24.0	3.0
2016-03-23	12	TSEUNG KWAN O	78.0	20.0	21.0	26.0	59.0	33.0	3.0
2016-03-23	13	TSEUNG KWAN O	81.0	23.0	31.0	38.0	49.0	48.0	2.0
2016-03-23	14	TSEUNG KWAN O	90.0	23.0	49.0	72.0	28.0	43.0	2.0
2016-03-23	15	TSEUNG KWAN O	91.0	18.0	51.0	82.0	22.0	17.0	2.0
2016-03-23	16	TSEUNG KWAN O	103.0		72.0	162.0	8.0		3.0
2016-03-23	17	TSEUNG KWAN O	93.0		65.0	126.0	16.0		3.0
2016-03-23	18	TSEUNG KWAN O	87.0		47.0	58.0	25.0		2.0
2016-03-23	19	TSEUNG KWAN O	95.0	12.0	53.0	68.0	20.0	20.0	2.0
2016-03-23	20	TSEUNG KWAN O	87.0	9.0	48.0	59.0	18.0	19.0	3.0
2016-03-23	21	TSEUNG KWAN O	82.0	12.0	29.0	34.0	39.0	19.0	4.0
2016-03-23	22	TSEUNG KWAN O	82.0	13.0	22.0	27.0	48.0	16.0	5.0
2016-03-23	23	TSEUNG KWAN O	81.0	13.0	17.0	20.0	62.0	13.0	3.0
2016-03-23	24	TSEUNG KWAN O	84.0	9.0	19.0	23.0	53.0	12.0	3.0
2016-03-24	1	TSEUNG KWAN O	76.0	7.0	14.0	17.0	66.0	12.0	2.0
2016-03-24	2	TSEUNG KWAN O	66.0	6.0	15.0	18.0	86.0	13.0	2.0
2016-03-24	3	TSEUNG KWAN O	65.0	0.0	6.0	10.0	97.0	9.0	2.0
2016-03-24	4	TSEUNG KWAN O		0.0				5.0	
2016-03-24	5	TSEUNG KWAN O	73.0	0.0	9.0	12.0	69.0	5.0	2.0
2016-03-24	6	TSEUNG KWAN O	73.0	6.0	10.0	14.0	74.0	12.0	2.0
2016-03-24	7	TSEUNG KWAN O	67.0	9.0	26.0	32.0	73.0	19.0	2.0
2016-03-24	8	TSEUNG KWAN O	69.0	8.0	35.0	44.0	55.0	19.0	3.0
2016-03-24	9	TSEUNG KWAN O	68.0	4.0	26.0	32.0	61.0	15.0	2.0
2016-03-24	10	TSEUNG KWAN O	68.0	2.0	33.0	42.0	54.0	12.0	2.0
2016-03-24	11	TSEUNG KWAN O	65.0	6.0	19.0	24.0	73.0	16.0	2.0
2016-03-24	12	TSEUNG KWAN O	67.0	7.0	19.0	24.0	72.0	18.0	2.0
2016-03-24	13	TSEUNG KWAN O	66.0	8.0	29.0	36.0	70.0	17.0	3.0
2016-03-24	14	TSEUNG KWAN O	65.0	6.0	22.0	28.0	74.0	14.0	2.0
2016-03-24	15	TSEUNG KWAN O	90.0	8.0	19.0	24.0	45.0	13.0	2.0
2016-03-24	16	TSEUNG KWAN O	94.0	11.0	20.0	25.0	38.0	13.0	2.0
2016-03-24	17	TSEUNG KWAN O	89.0		21.0	27.0	41.0	3.0	3.0
2016-03-24	18	TSEUNG KWAN O	73.0		25.0	32.0	63.0	4.0	2.0
2016-03-24	19	TSEUNG KWAN O	71.0	9.0	17.0	22.0	68.0	20.0	2.0
2016-03-24	20	TSEUNG KWAN O	86.0	11.0	21.0	25.0	35.0	23.0	2.0
2016-03-24	21	TSEUNG KWAN O	83.0	16.0	19.0	23.0	37.0	21.0	2.0
2016-03-24	22	TSEUNG KWAN O	79.0	17.0	13.0	18.0	47.0	17.0	2.0
2016-03-24	23	TSEUNG KWAN O	76.0	20.0	13.0	17.0	51.0	19.0	2.0
2016-03-24	24	TSEUNG KWAN O	76.0	25.0	13.0	17.0	52.0	27.0	1.0
2016-03-25	1	TSEUNG KWAN O	75.0	25.0	14.0	18.0	51.0	30.0	1.0
2016-03-25	2	TSEUNG KWAN O	72.0	25.0	10.0	14.0	54.0	28.0	2.0
2016-03-25	3	TSEUNG KWAN O	71.0	22.0	7.0	11.0	60.0	24.0	2.0
2016-03-25	4	TSEUNG KWAN O	71.0	23.0	7.0	10.0	64.0	23.0	3.0
2016-03-25	5	TSEUNG KWAN O	72.0	17.0	8.0	11.0	65.0	24.0	3.0
2016-03-25	6	TSEUNG KWAN O	72.0	20.0	6.0	10.0	73.0	29.0	4.0
2016-03-25	7	TSEUNG KWAN O	74.0	29.0	11.0	15.0	67.0	36.0	4.0
2016-03-25	8	TSEUNG KWAN O	76.0	32.0	21.0	26.0	58.0	38.0	3.0
2016-03-25	9	TSEUNG KWAN O	74.0	28.0	14.0	18.0	70.0	36.0	4.0
2016-03-25	10	TSEUNG KWAN O	74.0	25.0	11.0	16.0	75.0	34.0	5.0
2016-03-25	11	TSEUNG KWAN O	73.0	29.0	13.0	17.0	80.0	35.0	5.0
2016-03-25	12	TSEUNG KWAN O	72.0	27.0	13.0	17.0	87.0	36.0	5.0
2016-03-25	13	TSEUNG KWAN O	71.0	22.0	15.0	20.0	89.0	36.0	5.0
2016-03-25	14	TSEUNG KWAN O	73.0	17.0	21.0	26.0	85.0	33.0	6.0
2016-03-25	15	TSEUNG KWAN O	70.0	17.0	17.0	22.0	93.0	31.0	6.0
2016-03-25	16	TSEUNG KWAN O	71.0	23.0	24.0	29.0	94.0	35.0	6.0
2016-03-25	17	TSEUNG KWAN O	75.0	27.0	32.0	38.0	86.0	41.0	6.0
2016-03-25	18	TSEUNG KWAN O	85.0	27.0	51.0	62.0	62.0	46.0	5.0
2016-03-25	19	TSEUNG KWAN O	127.0	30.0	97.0	176.0	4.0	49.0	5.0
2016-03-25	20	TSEUNG KWAN O	116.0	26.0	84.0	140.0	4.0	49.0	4.0
2016-03-25	21	TSEUNG KWAN O	123.0	27.0	83.0	151.0	3.0	46.0	4.0
2016-03-25	22	TSEUNG KWAN O	111.0	30.0	78.0	122.0	4.0	45.0	4.0
2016-03-25	23	TSEUNG KWAN O	123.0	33.0	77.0	142.0	4.0	46.0	4.0
2016-03-25	24	TSEUNG KWAN O	121.0	35.0	73.0	129.0	3.0	50.0	4.0
2016-03-26	1	TSEUNG KWAN O	117.0	35.0	73.0	158.0	2.0	50.0	4.0
2016-03-26	2	TSEUNG KWAN O	103.0	33.0	59.0	94.0	4.0	46.0	3.0
2016-03-26	3	TSEUNG KWAN O	104.0	28.0	61.0	104.0	4.0	42.0	3.0
2016-03-26	4	TSEUNG KWAN O		30.0				40.0	
2016-03-26	5	TSEUNG KWAN O	95.0	37.0	56.0	102.0	9.0	45.0	5.0
2016-03-26	6	TSEUNG KWAN O	98.0	40.0	69.0	159.0	5.0	50.0	6.0
2016-03-26	7	TSEUNG KWAN O	107.0	34.0	75.0	194.0	4.0	49.0	6.0
2016-03-26	8	TSEUNG KWAN O	115.0	28.0	76.0	194.0	8.0	45.0	7.0
2016-03-26	9	TSEUNG KWAN O	85.0	26.0	41.0	67.0	45.0	42.0	12.0
2016-03-26	10	TSEUNG KWAN O	78.0	31.0	13.0	20.0	77.0	44.0	8.0
2016-03-26	11	TSEUNG KWAN O	77.0	32.0	8.0	13.0	95.0	43.0	7.0
2016-03-26	12	TSEUNG KWAN O	81.0	29.0	11.0	15.0	106.0	41.0	9.0
2016-03-26	13	TSEUNG KWAN O	82.0	33.0	11.0	16.0	121.0	48.0	10.0
2016-03-26	14	TSEUNG KWAN O	79.0	34.0	9.0	13.0	131.0	50.0	9.0
2016-03-26	15	TSEUNG KWAN O	72.0	30.0	8.0	13.0	138.0	48.0	8.0
2016-03-26	16	TSEUNG KWAN O	70.0	23.0	9.0	14.0	146.0	39.0	7.0
2016-03-26	17	TSEUNG KWAN O	70.0	18.0	15.0	20.0	133.0	29.0	8.0
2016-03-26	18	TSEUNG KWAN O	74.0	23.0	36.0	42.0	106.0	36.0	7.0
2016-03-26	19	TSEUNG KWAN O	77.0	27.0	30.0	35.0	104.0	47.0	6.0
2016-03-26	20	TSEUNG KWAN O	80.0	26.0	35.0	41.0	99.0	44.0	5.0
2016-03-26	21	TSEUNG KWAN O	100.0	28.0	84.0	99.0	34.0	41.0	4.0
2016-03-26	22	TSEUNG KWAN O	106.0	30.0	90.0	106.0	19.0	43.0	4.0
2016-03-26	23	TSEUNG KWAN O	111.0	28.0	95.0	135.0	9.0	43.0	4.0
2016-03-26	24	TSEUNG KWAN O	109.0	27.0	89.0	131.0	8.0	42.0	4.0
2016-03-27	1	TSEUNG KWAN O	98.0	27.0	75.0	87.0	16.0	37.0	3.0
2016-03-27	2	TSEUNG KWAN O	101.0	28.0	76.0	108.0	14.0	34.0	3.0
2016-03-27	3	TSEUNG KWAN O	106.0	24.0	84.0	130.0	5.0	32.0	3.0
2016-03-27	4	TSEUNG KWAN O	82.0	20.0	56.0	64.0	27.0	31.0	2.0
2016-03-27	5	TSEUNG KWAN O	80.0	18.0	54.0	66.0	30.0	27.0	3.0
2016-03-27	6	TSEUNG KWAN O	80.0	18.0	51.0	63.0	48.0	27.0	7.0
2016-03-27	7	TSEUNG KWAN O	77.0	23.0	22.0	26.0	85.0	36.0	10.0
2016-03-27	8	TSEUNG KWAN O	77.0	26.0	13.0	17.0	100.0	42.0	9.0
2016-03-27	9	TSEUNG KWAN O	77.0	30.0	9.0	13.0	109.0	45.0	7.0
2016-03-27	10	TSEUNG KWAN O	77.0	30.0	9.0	13.0	114.0	42.0	7.0
2016-03-27	11	TSEUNG KWAN O	75.0	31.0	9.0	14.0	124.0	41.0	6.0
2016-03-27	12	TSEUNG KWAN O	70.0	28.0	9.0	13.0	132.0	41.0	6.0
2016-03-27	13	TSEUNG KWAN O	66.0	24.0	8.0	12.0	135.0	38.0	5.0
2016-03-27	14	TSEUNG KWAN O	65.0	24.0	9.0	14.0	146.0	34.0	6.0
2016-03-27	15	TSEUNG KWAN O	70.0	22.0	11.0	15.0	154.0	29.0	7.0
2016-03-27	16	TSEUNG KWAN O	76.0	24.0	21.0	26.0	147.0	31.0	7.0
2016-03-27	17	TSEUNG KWAN O	78.0	25.0	27.0	32.0	140.0	36.0	6.0
2016-03-27	18	TSEUNG KWAN O	83.0	25.0	51.0	58.0	109.0	40.0	12.0
2016-03-27	19	TSEUNG KWAN O	94.0	29.0	88.0	100.0	61.0	46.0	19.0
2016-03-27	20	TSEUNG KWAN O	125.0	38.0	124.0	161.0	12.0	53.0	13.0
2016-03-27	21	TSEUNG KWAN O	127.0	44.0	112.0	151.0	9.0	56.0	7.0
2016-03-27	22	TSEUNG KWAN O	121.0	41.0	98.0	124.0	12.0	55.0	6.0
2016-03-27	23	TSEUNG KWAN O	136.0	35.0	104.0	170.0	4.0	46.0	7.0
2016-03-27	24	TSEUNG KWAN O	129.0	37.0	104.0	155.0	4.0	45.0	7.0
2016-03-28	1	TSEUNG KWAN O	106.0	37.0	88.0	100.0	13.0	45.0	5.0
2016-03-28	2	TSEUNG KWAN O	102.0	35.0	75.0	87.0	29.0	45.0	5.0
2016-03-28	3	TSEUNG KWAN O	99.0	35.0	68.0	82.0	31.0	46.0	5.0
2016-03-28	4	TSEUNG KWAN O		40.0				49.0	
2016-03-28	5	TSEUNG KWAN O		44.0				52.0	
2016-03-28	6	TSEUNG KWAN O	77.0	40.0	21.0	27.0	108.0	54.0	6.0
2016-03-28	7	TSEUNG KWAN O	83.0	36.0	41.0	47.0	98.0	55.0	7.0
2016-03-28	8	TSEUNG KWAN O	83.0	37.0	30.0	35.0	118.0	57.0	8.0
2016-03-28	9	TSEUNG KWAN O	80.0	40.0	20.0	25.0	129.0	60.0	8.0
2016-03-28	10	TSEUNG KWAN O	82.0	39.0	16.0	20.0	130.0	57.0	10.0
2016-03-28	11	TSEUNG KWAN O	82.0	39.0	14.0	19.0	141.0	57.0	10.0
2016-03-28	12	TSEUNG KWAN O	82.0	39.0	14.0	19.0	153.0	56.0	10.0
2016-03-28	13	TSEUNG KWAN O	82.0	37.0	15.0	19.0	161.0	55.0	9.0
2016-03-28	14	TSEUNG KWAN O	79.0	34.0	18.0	22.0	160.0	54.0	8.0
2016-03-28	15	TSEUNG KWAN O	77.0	31.0	11.0	16.0	166.0	51.0	6.0
2016-03-28	16	TSEUNG KWAN O	75.0	33.0	13.0	17.0	162.0	49.0	7.0
2016-03-28	17	TSEUNG KWAN O	75.0	31.0	12.0	16.0	160.0	44.0	6.0
2016-03-28	18	TSEUNG KWAN O	75.0	30.0	15.0	19.0	153.0	46.0	6.0
2016-03-28	19	TSEUNG KWAN O	77.0	34.0	24.0	28.0	141.0	53.0	7.0
2016-03-28	20	TSEUNG KWAN O	83.0	34.0	39.0	44.0	120.0	53.0	7.0
2016-03-28	21	TSEUNG KWAN O	83.0	33.0	27.0	31.0	134.0	51.0	6.0
2016-03-28	22	TSEUNG KWAN O	86.0	36.0	31.0	36.0	121.0	52.0	6.0
2016-03-28	23	TSEUNG KWAN O	96.0	36.0	67.0	74.0	84.0	53.0	5.0
2016-03-28	24	TSEUNG KWAN O	81.0	37.0	38.0	43.0	110.0	54.0	5.0
2016-03-29	1	TSEUNG KWAN O	83.0	35.0	66.0	84.0	67.0	49.0	4.0
2016-03-29	2	TSEUNG KWAN O	78.0	29.0	55.0	70.0	72.0	42.0	4.0
2016-03-29	3	TSEUNG KWAN O	76.0	28.0	45.0	49.0	76.0	39.0	4.0
2016-03-29	4	TSEUNG KWAN O	73.0	23.0	40.0	44.0	76.0	37.0	4.0
2016-03-29	5	TSEUNG KWAN O	74.0	25.0	55.0	62.0	55.0	38.0	4.0
2016-03-29	6	TSEUNG KWAN O	73.0	25.0	59.0	65.0	51.0	37.0	4.0
2016-03-29	7	TSEUNG KWAN O	84.0	23.0	93.0	130.0	15.0	35.0	4.0
2016-03-29	8	TSEUNG KWAN O	90.0	24.0	78.0	135.0	28.0	35.0	5.0
2016-03-29	9	TSEUNG KWAN O	72.0	22.0	37.0	45.0	86.0	37.0	6.0
2016-03-29	10	TSEUNG KWAN O	66.0	22.0	17.0	21.0	116.0	38.0	6.0
2016-03-29	11	TSEUNG KWAN O	69.0	20.0	22.0	28.0	121.0	37.0	7.0
2016-03-29	12	TSEUNG KWAN O	70.0	22.0	20.0	25.0	128.0	42.0	7.0
2016-03-29	13	TSEUNG KWAN O	70.0	26.0	19.0	23.0	139.0	45.0	7.0
2016-03-29	14	TSEUNG KWAN O	72.0	27.0	22.0	27.0	140.0	44.0	6.0
2016-03-29	15	TSEUNG KWAN O	74.0	31.0	19.0	23.0	152.0	45.0	7.0
2016-03-29	16	TSEUNG KWAN O	76.0	33.0	24.0	29.0	152.0	51.0	6.0
2016-03-29	17	TSEUNG KWAN O	78.0	34.0	26.0	30.0	151.0	55.0	6.0
2016-03-29	18	TSEUNG KWAN O	82.0	36.0	38.0	43.0	137.0	60.0	6.0
2016-03-29	19	TSEUNG KWAN O	90.0	39.0	53.0	58.0	104.0	64.0	5.0
2016-03-29	20	TSEUNG KWAN O	91.0	37.0	58.0	63.0	92.0	62.0	4.0
2016-03-29	21	TSEUNG KWAN O	79.0	36.0	22.0	27.0	117.0	60.0	3.0
2016-03-29	22	TSEUNG KWAN O	87.0	38.0	37.0	41.0	105.0	60.0	4.0
2016-03-29	23	TSEUNG KWAN O	88.0	40.0	41.0	45.0	105.0	61.0	5.0
2016-03-29	24	TSEUNG KWAN O	89.0	37.0	44.0	49.0	101.0	57.0	6.0
2016-03-30	1	TSEUNG KWAN O	89.0	33.0	41.0	45.0	90.0	55.0	5.0
2016-03-30	2	TSEUNG KWAN O	87.0	34.0	27.0	30.0	109.0	54.0	8.0
2016-03-30	3	TSEUNG KWAN O	85.0	39.0	25.0	29.0	108.0	60.0	7.0
2016-03-30	4	TSEUNG KWAN O		40.0				65.0	
2016-03-30	5	TSEUNG KWAN O	80.0	42.0	19.0	23.0	106.0	64.0	6.0
2016-03-30	6	TSEUNG KWAN O	86.0	41.0	52.0	69.0	59.0	66.0	4.0
2016-03-30	7	TSEUNG KWAN O	96.0	38.0	72.0	90.0	33.0	68.0	4.0
2016-03-30	8	TSEUNG KWAN O	97.0	35.0	64.0	88.0	56.0	70.0	4.0
2016-03-30	9	TSEUNG KWAN O	86.0	36.0	35.0	43.0	99.0	72.0	5.0
2016-03-30	10	TSEUNG KWAN O	78.0	37.0	16.0	21.0	125.0	71.0	7.0
2016-03-30	11	TSEUNG KWAN O	79.0	33.0	17.0	22.0	131.0	64.0	7.0
2016-03-30	12	TSEUNG KWAN O	80.0	30.0	20.0	24.0	134.0	51.0	7.0
2016-03-30	13	TSEUNG KWAN O	82.0	30.0	19.0	24.0	137.0	46.0	8.0
2016-03-30	14	TSEUNG KWAN O	83.0	32.0	27.0	32.0	131.0	46.0	8.0
2016-03-30	15	TSEUNG KWAN O	82.0	33.0	21.0	26.0	139.0	47.0	7.0
2016-03-30	16	TSEUNG KWAN O	82.0	34.0	27.0	31.0	134.0	50.0	7.0
2016-03-30	17	TSEUNG KWAN O	83.0	31.0	31.0	36.0	127.0	59.0	6.0
2016-03-30	18	TSEUNG KWAN O	89.0	32.0	42.0	46.0	101.0	67.0	5.0
2016-03-30	19	TSEUNG KWAN O	112.0	38.0	89.0	96.0	41.0	74.0	4.0
2016-03-30	20	TSEUNG KWAN O	122.0	44.0	122.0	147.0	10.0	78.0	4.0
2016-03-30	21	TSEUNG KWAN O	129.0	48.0	107.0	129.0	19.0	82.0	4.0
2016-03-30	22	TSEUNG KWAN O	118.0	49.0	84.0	92.0	27.0	92.0	3.0
2016-03-30	23	TSEUNG KWAN O	121.0	52.0	87.0	98.0	21.0	97.0	3.0
2016-03-30	24	TSEUNG KWAN O	131.0	53.0	81.0	108.0	8.0	100.0	3.0
2016-03-31	1	TSEUNG KWAN O	136.0	51.0	68.0	176.0	2.0	93.0	4.0
2016-03-31	2	TSEUNG KWAN O	119.0	45.0	55.0	128.0	5.0	72.0	3.0
2016-03-31	3	TSEUNG KWAN O	115.0	41.0	47.0	130.0	2.0	59.0	3.0
2016-03-31	4	TSEUNG KWAN O	106.0	37.0	44.0	105.0	3.0	48.0	3.0
2016-03-31	5	TSEUNG KWAN O	104.0	29.0	40.0	103.0	2.0	40.0	3.0
2016-03-31	6	TSEUNG KWAN O	120.0	27.0	43.0	176.0	2.0	40.0	4.0
2016-03-31	7	TSEUNG KWAN O	145.0	33.0	61.0	398.0	2.0	43.0	8.0
2016-03-31	8	TSEUNG KWAN O	142.0	36.0	60.0	265.0	5.0	45.0	6.0
2016-03-31	9	TSEUNG KWAN O	130.0	43.0	68.0	169.0	6.0	52.0	4.0
2016-03-31	10	TSEUNG KWAN O	118.0	50.0	77.0	173.0	10.0	71.0	4.0
2016-03-31	11	TSEUNG KWAN O	98.0	57.0	76.0	128.0	27.0	90.0	7.0
2016-03-31	12	TSEUNG KWAN O	92.0	58.0	68.0	98.0	48.0	95.0	9.0
2016-03-31	13	TSEUNG KWAN O	92.0	54.0	74.0	102.0	53.0	89.0	10.0
2016-03-31	14	TSEUNG KWAN O	92.0	55.0	67.0	88.0	67.0	85.0	17.0
2016-03-31	15	TSEUNG KWAN O	90.0	50.0	68.0	90.0	66.0	81.0	13.0
2016-03-31	16	TSEUNG KWAN O	89.0	42.0	89.0	125.0	40.0	75.0	30.0
2016-03-31	17	TSEUNG KWAN O	94.0	48.0	107.0	149.0	30.0	80.0	40.0
2016-03-31	18	TSEUNG KWAN O	97.0	60.0	114.0	152.0	22.0	88.0	32.0
2016-03-31	19	TSEUNG KWAN O	106.0	63.0	99.0	110.0	23.0	95.0	18.0
2016-03-31	20	TSEUNG KWAN O	114.0	59.0	101.0	120.0	8.0	93.0	13.0
2016-03-31	21	TSEUNG KWAN O	105.0	57.0	81.0	96.0	19.0	78.0	17.0
2016-03-31	22	TSEUNG KWAN O	111.0	57.0	83.0	107.0	5.0	71.0	14.0
2016-03-31	23	TSEUNG KWAN O	118.0	54.0	79.0	110.0	4.0	74.0	12.0
2016-03-31	24	TSEUNG KWAN O	137.0	54.0	84.0	211.0	2.0	69.0	11.0
2016-04-01	1	TSEUNG KWAN O	121.0	62.0	87.0	239.0	2.0	77.0	12.0
2016-04-01	2	TSEUNG KWAN O	114.0	61.0	85.0	217.0	2.0	82.0	12.0
2016-04-01	3	TSEUNG KWAN O	132.0	58.0	78.0	246.0	2.0	74.0	10.0
2016-04-01	4	TSEUNG KWAN O		62.0				74.0	
2016-04-01	5	TSEUNG KWAN O	107.0	63.0	54.0	108.0	1.0	76.0	8.0
2016-04-01	6	TSEUNG KWAN O	103.0	56.0	59.0	97.0	2.0	68.0	8.0
2016-04-01	7	TSEUNG KWAN O	103.0	48.0	62.0	128.0	3.0	55.0	11.0
2016-04-01	8	TSEUNG KWAN O	106.0	47.0	59.0	116.0	5.0	54.0	18.0
2016-04-01	9	TSEUNG KWAN O	121.0	51.0	64.0	141.0	5.0	62.0	17.0
2016-04-01	10	TSEUNG KWAN O	111.0	57.0	76.0	209.0	7.0	72.0	18.0
2016-04-01	11	TSEUNG KWAN O	95.0	60.0	75.0	170.0	9.0	83.0	26.0
2016-04-01	12	TSEUNG KWAN O		58.0				83.0	
2016-04-01	13	TSEUNG KWAN O	88.0	49.0	61.0	109.0	28.0	74.0	23.0
2016-04-01	14	TSEUNG KWAN O	80.0	34.0	60.0	94.0	36.0	56.0	18.0
2016-04-01	15	TSEUNG KWAN O							
2016-04-01	16	TSEUNG KWAN O	79.0	9.0	65.0	97.0	39.0	22.0	15.0
2016-04-01	17	TSEUNG KWAN O	79.0	25.0	56.0	73.0	49.0	39.0	9.0
2016-04-01	18	TSEUNG KWAN O	77.0	38.0	49.0	56.0	42.0	56.0	13.0
2016-04-01	19	TSEUNG KWAN O	77.0	42.0	32.0	36.0	76.0	55.0	8.0
2016-04-01	20	TSEUNG KWAN O	82.0	43.0	25.0	29.0	94.0	51.0	4.0
2016-04-01	21	TSEUNG KWAN O	83.0	47.0	30.0	35.0	82.0	55.0	6.0
2016-04-01	22	TSEUNG KWAN O	85.0	54.0	29.0	32.0	81.0	67.0	4.0
2016-04-01	23	TSEUNG KWAN O	85.0	57.0	29.0	32.0	70.0	70.0	4.0
2016-04-01	24	TSEUNG KWAN O	83.0	58.0	30.0	34.0	60.0	66.0	6.0
2016-04-02	1	TSEUNG KWAN O	82.0	53.0	27.0	30.0	62.0	60.0	5.0
2016-04-02	2	TSEUNG KWAN O	81.0	41.0	18.0	21.0	72.0	50.0	4.0
2016-04-02	3	TSEUNG KWAN O	80.0	41.0	15.0	18.0	74.0	50.0	4.0
2016-04-02	4	TSEUNG KWAN O	79.0	41.0	16.0	18.0	77.0	52.0	4.0
2016-04-02	5	TSEUNG KWAN O	77.0	37.0	13.0	16.0	81.0	42.0	3.0
2016-04-02	6	TSEUNG KWAN O	81.0	32.0	23.0	26.0	78.0	33.0	3.0
2016-04-02	7	TSEUNG KWAN O	81.0	37.0	26.0	34.0	80.0	44.0	3.0
2016-04-02	8	TSEUNG KWAN O	83.0	49.0	28.0	32.0	80.0	77.0	2.0
2016-04-02	9	TSEUNG KWAN O	85.0	50.0	42.0	51.0	74.0	88.0	2.0
2016-04-02	10	TSEUNG KWAN O	83.0	44.0	21.0	25.0	94.0	73.0	2.0
2016-04-02	11	TSEUNG KWAN O	86.0	36.0	30.0	34.0	82.0	52.0	2.0
2016-04-02	12	TSEUNG KWAN O	84.0	35.0	23.0	28.0	90.0	47.0	2.0
2016-04-02	13	TSEUNG KWAN O	83.0	41.0	24.0	31.0	87.0	54.0	2.0
2016-04-02	14	TSEUNG KWAN O	81.0	42.0	20.0	26.0	94.0	54.0	2.0
2016-04-02	15	TSEUNG KWAN O	81.0	38.0	16.0	20.0	99.0	46.0	2.0
2016-04-02	16	TSEUNG KWAN O	81.0	30.0	15.0	19.0	98.0	37.0	2.0
2016-04-02	17	TSEUNG KWAN O	81.0	23.0	15.0	19.0	102.0	35.0	2.0
2016-04-02	18	TSEUNG KWAN O	82.0	26.0	17.0	20.0	100.0	39.0	3.0
2016-04-02	19	TSEUNG KWAN O	83.0	35.0	21.0	24.0	98.0	43.0	4.0
2016-04-02	20	TSEUNG KWAN O	85.0	40.0	22.0	26.0	84.0	49.0	2.0
2016-04-02	21	TSEUNG KWAN O	82.0	40.0	20.0	24.0	84.0	49.0	3.0
2016-04-02	22	TSEUNG KWAN O	90.0	33.0	31.0	35.0	74.0	43.0	3.0
2016-04-02	23	TSEUNG KWAN O	106.0	32.0	55.0	63.0	34.0	45.0	2.0
2016-04-02	24	TSEUNG KWAN O	95.0	39.0	40.0	44.0	47.0	53.0	2.0
2016-04-03	1	TSEUNG KWAN O	90.0	44.0	34.0	38.0	47.0	56.0	2.0
2016-04-03	2	TSEUNG KWAN O	83.0	38.0	17.0	20.0	72.0	48.0	3.0
2016-04-03	3	TSEUNG KWAN O	82.0	39.0	16.0	18.0	74.0	51.0	5.0
2016-04-03	4	TSEUNG KWAN O		48.0				66.0	
2016-04-03	5	TSEUNG KWAN O	82.0	51.0	13.0	17.0	64.0	84.0	3.0
2016-04-03	6	TSEUNG KWAN O	82.0	52.0	13.0	16.0	63.0	82.0	3.0
2016-04-03	7	TSEUNG KWAN O	82.0	50.0	16.0	18.0	70.0	71.0	4.0
2016-04-03	8	TSEUNG KWAN O	86.0	39.0	18.0	21.0	68.0	55.0	4.0
2016-04-03	9	TSEUNG KWAN O	92.0	27.0	29.0	34.0	55.0	30.0	2.0
2016-04-03	10	TSEUNG KWAN O	93.0	22.0	43.0	55.0	39.0	19.0	2.0
2016-04-03	11	TSEUNG KWAN O	92.0	24.0	31.0	41.0	52.0	22.0	2.0
2016-04-03	12	TSEUNG KWAN O	77.0	22.0	17.0	23.0	66.0	23.0	1.0
2016-04-03	13	TSEUNG KWAN O	73.0	14.0	17.0	24.0	67.0	13.0	1.0
2016-04-03	14	TSEUNG KWAN O	74.0	14.0	21.0	30.0	63.0		2.0
2016-04-03	15	TSEUNG KWAN O	78.0	15.0	27.0	36.0	69.0		3.0
2016-04-03	16	TSEUNG KWAN O	80.0	15.0	34.0	43.0	60.0	20.0	3.0
2016-04-03	17	TSEUNG KWAN O		16.0				27.0	
2016-04-03	18	TSEUNG KWAN O		22.0				43.0	
2016-04-03	19	TSEUNG KWAN O	95.0	28.0	60.0	66.0	34.0	52.0	3.0
2016-04-03	20	TSEUNG KWAN O		30.0				46.0	
2016-04-03	21	TSEUNG KWAN O		34.0				43.0	
2016-04-03	22	TSEUNG KWAN O	100.0	40.0	68.0	83.0	14.0	43.0	8.0
2016-04-03	23	TSEUNG KWAN O	98.0	45.0	58.0	69.0	14.0	49.0	6.0
2016-04-03	24	TSEUNG KWAN O	98.0	41.0	59.0	70.0	10.0	49.0	6.0
2016-04-04	1	TSEUNG KWAN O	90.0	35.0	58.0	78.0	20.0	44.0	8.0
2016-04-04	2	TSEUNG KWAN O	88.0	33.0	47.0	54.0	23.0	40.0	5.0
2016-04-04	3	TSEUNG KWAN O	90.0	33.0	37.0	43.0	18.0	39.0	4.0
2016-04-04	4	TSEUNG KWAN O	86.0	30.0	31.0	36.0	21.0	39.0	4.0
2016-04-04	5	TSEUNG KWAN O	86.0	33.0	34.0	42.0	15.0	42.0	3.0
2016-04-04	6	TSEUNG KWAN O	77.0	35.0	19.0	23.0	37.0	42.0	3.0
2016-04-04	7	TSEUNG KWAN O	78.0	31.0	36.0	48.0	17.0	35.0	3.0
2016-04-04	8	TSEUNG KWAN O	73.0	30.0	33.0	45.0	22.0	33.0	8.0
2016-04-04	9	TSEUNG KWAN O	74.0	25.0	33.0	47.0	19.0	27.0	9.0
2016-04-04	10	TSEUNG KWAN O	76.0	21.0	30.0	46.0	22.0	20.0	7.0
2016-04-04	11	TSEUNG KWAN O	71.0	15.0	24.0	36.0	29.0	13.0	4.0
2016-04-04	12	TSEUNG KWAN O	70.0	11.0	18.0	30.0	36.0	10.0	5.0
2016-04-04	13	TSEUNG KWAN O	69.0	10.0	16.0	27.0	43.0	13.0	5.0
2016-04-04	14	TSEUNG KWAN O	68.0	4.0	19.0	31.0	44.0	8.0	7.0
2016-04-04	15	TSEUNG KWAN O	70.0	1.0	29.0	45.0	42.0	6.0	11.0
2016-04-04	16	TSEUNG KWAN O	70.0	7.0	31.0	48.0	37.0	13.0	12.0
2016-04-04	17	TSEUNG KWAN O	74.0	10.0	42.0	61.0	23.0	19.0	10.0
2016-04-04	18	TSEUNG KWAN O	75.0	15.0	46.0	58.0	14.0	29.0	9.0
2016-04-04	19	TSEUNG KWAN O	76.0	25.0	53.0	64.0	23.0	48.0	8.0
2016-04-04	20	TSEUNG KWAN O	87.0	21.0	67.0	83.0	33.0	41.0	3.0
2016-04-04	21	TSEUNG KWAN O	81.0	10.0	69.0	84.0	25.0	20.0	4.0
2016-04-04	22	TSEUNG KWAN O	95.0	7.0	85.0	119.0	8.0	19.0	5.0
2016-04-04	23	TSEUNG KWAN O	84.0	10.0	67.0	85.0	24.0	21.0	4.0
2016-04-04	24	TSEUNG KWAN O	94.0	11.0	83.0	104.0	9.0	21.0	3.0
2016-04-05	1	TSEUNG KWAN O	87.0	11.0	93.0	113.0	13.0	19.0	4.0
2016-04-05	2	TSEUNG KWAN O	90.0	7.0	81.0	108.0	5.0	13.0	2.0
2016-04-05	3	TSEUNG KWAN O	101.0	3.0	72.0	123.0	2.0	8.0	2.0
2016-04-05	4	TSEUNG KWAN O		3.0				9.0	
2016-04-05	5	TSEUNG KWAN O	80.0	5.0	38.0	58.0	7.0	10.0	2.0
2016-04-05	6	TSEUNG KWAN O	87.0	9.0	40.0	85.0	2.0	15.0	2.0
2016-04-05	7	TSEUNG KWAN O	109.0	11.0	45.0	196.0	2.0	18.0	4.0
2016-04-05	8	TSEUNG KWAN O	136.0	16.0	54.0	248.0	3.0	21.0	5.0
2016-04-05	9	TSEUNG KWAN O	85.0	18.0	35.0	57.0	34.0	24.0	5.0
2016-04-05	10	TSEUNG KWAN O	72.0	14.0	20.0	26.0	52.0	18.0	5.0
2016-04-05	11	TSEUNG KWAN O	69.0	11.0	17.0	22.0	50.0	15.0	4.0
2016-04-05	12	TSEUNG KWAN O	66.0	10.0	20.0	27.0	33.0	17.0	5.0
2016-04-05	13	TSEUNG KWAN O	67.0	13.0	24.0	33.0	22.0	27.0	6.0
2016-04-05	14	TSEUNG KWAN O	68.0	18.0	29.0	42.0	14.0	36.0	7.0
2016-04-05	15	TSEUNG KWAN O	71.0	22.0	30.0	48.0	11.0	34.0	7.0
2016-04-05	16	TSEUNG KWAN O	72.0	21.0	31.0	48.0	12.0	27.0	6.0
2016-04-05	17	TSEUNG KWAN O	81.0	21.0	39.0	58.0	12.0	24.0	7.0
2016-04-05	18	TSEUNG KWAN O	81.0	33.0	47.0	71.0	8.0	35.0	12.0
2016-04-05	19	TSEUNG KWAN O	81.0	35.0	46.0	57.0	10.0	38.0	7.0
2016-04-05	20	TSEUNG KWAN O	83.0	24.0	44.0	55.0	13.0	31.0	6.0
2016-04-05	21	TSEUNG KWAN O							
2016-04-05	22	TSEUNG KWAN O							
2016-04-05	23	TSEUNG KWAN O	80.0	17.0	29.0	33.0	32.0	20.0	4.0
2016-04-05	24	TSEUNG KWAN O	76.0	15.0	24.0	28.0	33.0	22.0	4.0
2016-04-06	1	TSEUNG KWAN O	73.0	15.0	26.0	30.0	29.0	26.0	4.0
2016-04-06	2	TSEUNG KWAN O	71.0	22.0	14.0	16.0	37.0	28.0	3.0
2016-04-06	3	TSEUNG KWAN O	70.0	24.0	13.0	16.0	33.0	29.0	2.0
2016-04-06	4	TSEUNG KWAN O	71.0	27.0	13.0	17.0	30.0	30.0	2.0
2016-04-06	5	TSEUNG KWAN O	70.0	29.0	16.0	19.0	31.0	32.0	3.0
2016-04-06	6	TSEUNG KWAN O	71.0	24.0	16.0	21.0	31.0	27.0	1.0
2016-04-06	7	TSEUNG KWAN O	75.0	20.0	23.0	31.0	23.0	19.0	1.0
2016-04-06	8	TSEUNG KWAN O	77.0	15.0	24.0	32.0	20.0	16.0	2.0
2016-04-06	9	TSEUNG KWAN O	79.0	13.0	35.0	64.0	10.0	18.0	12.0
2016-04-06	10	TSEUNG KWAN O	78.0	16.0	27.0	47.0	19.0	25.0	6.0
2016-04-06	11	TSEUNG KWAN O	73.0	19.0	18.0	30.0	30.0	25.0	3.0
2016-04-06	12	TSEUNG KWAN O	72.0	20.0	15.0	23.0	39.0	21.0	1.0
2016-04-06	13	TSEUNG KWAN O	70.0	23.0	19.0	29.0	41.0	20.0	3.0
2016-04-06	14	TSEUNG KWAN O	72.0	19.0	18.0	26.0	43.0	20.0	4.0
2016-04-06	15	TSEUNG KWAN O	70.0	18.0	17.0	24.0	50.0	20.0	4.0
2016-04-06	16	TSEUNG KWAN O	70.0	21.0	15.0	21.0	60.0	24.0	2.0
2016-04-06	17	TSEUNG KWAN O	71.0	19.0	18.0	23.0	58.0	23.0	1.0
2016-04-06	18	TSEUNG KWAN O	74.0	20.0	29.0	34.0	53.0	22.0	1.0
2016-04-06	19	TSEUNG KWAN O	78.0	23.0	27.0	31.0	49.0	24.0	1.0
2016-04-06	20	TSEUNG KWAN O	78.0	22.0	28.0	32.0	43.0	25.0	1.0
2016-04-06	21	TSEUNG KWAN O	73.0	17.0	18.0	22.0	49.0	22.0	1.0
2016-04-06	22	TSEUNG KWAN O	71.0	13.0	24.0	29.0	39.0	17.0	4.0
2016-04-06	23	TSEUNG KWAN O	72.0	12.0	23.0	26.0	37.0	15.0	3.0
2016-04-06	24	TSEUNG KWAN O	75.0	10.0	30.0	37.0	23.0	16.0	3.0
2016-04-07	1	TSEUNG KWAN O	73.0	7.0	30.0	35.0	16.0	18.0	4.0
2016-04-07	2	TSEUNG KWAN O	71.0	10.0	30.0	35.0	14.0	14.0	7.0
2016-04-07	3	TSEUNG KWAN O	68.0	14.0	22.0	27.0	20.0	12.0	5.0
2016-04-07	4	TSEUNG KWAN O		18.0				16.0	
2016-04-07	5	TSEUNG KWAN O	64.0	21.0	9.0	13.0	30.0	21.0	2.0
2016-04-07	6	TSEUNG KWAN O	68.0	17.0	13.0	17.0	25.0	21.0	1.0
2016-04-07	7	TSEUNG KWAN O	68.0	14.0	16.0	21.0	28.0	18.0	1.0
2016-04-07	8	TSEUNG KWAN O	72.0	15.0	20.0	29.0	26.0	16.0	1.0
2016-04-07	9	TSEUNG KWAN O	72.0	13.0	23.0	32.0	26.0	15.0	1.0
2016-04-07	10	TSEUNG KWAN O	75.0	15.0	28.0	46.0	21.0	16.0	1.0
2016-04-07	11	TSEUNG KWAN O	69.0	14.0	17.0	23.0	33.0	20.0	2.0
2016-04-07	12	TSEUNG KWAN O	69.0	14.0	20.0	30.0	33.0	23.0	2.0
2016-04-07	13	TSEUNG KWAN O	67.0	17.0	18.0	25.0	39.0	22.0	2.0
2016-04-07	14	TSEUNG KWAN O	69.0	15.0	20.0	28.0	39.0	16.0	3.0
2016-04-07	15	TSEUNG KWAN O	68.0	15.0	25.0	34.0	32.0	14.0	9.0
2016-04-07	16	TSEUNG KWAN O	71.0	16.0	33.0	49.0	25.0	17.0	12.0
2016-04-07	17	TSEUNG KWAN O	71.0	18.0	29.0	37.0	31.0	23.0	6.0
2016-04-07	18	TSEUNG KWAN O	75.0	23.0	40.0	50.0	19.0	33.0	7.0
2016-04-07	19	TSEUNG KWAN O	77.0	28.0	40.0	47.0	22.0	53.0	6.0
2016-04-07	20	TSEUNG KWAN O	71.0	27.0	27.0	31.0	35.0	47.0	9.0
2016-04-07	21	TSEUNG KWAN O	75.0	30.0	32.0	37.0	25.0	38.0	8.0
2016-04-07	22	TSEUNG KWAN O	75.0	35.0	30.0	35.0	26.0	47.0	7.0
2016-04-07	23	TSEUNG KWAN O	73.0	35.0	23.0	28.0	31.0	44.0	7.0
2016-04-07	24	TSEUNG KWAN O	71.0	36.0	22.0	26.0	32.0	38.0	6.0
2016-04-08	1	TSEUNG KWAN O	69.0	32.0	22.0	25.0	30.0	34.0	7.0
2016-04-08	2	TSEUNG KWAN O	69.0	31.0	19.0	23.0	27.0	40.0	6.0
2016-04-08	3	TSEUNG KWAN O	71.0	32.0	22.0	27.0	20.0	41.0	5.0
2016-04-08	4	TSEUNG KWAN O	67.0	29.0	16.0	19.0	25.0	38.0	6.0
2016-04-08	5	TSEUNG KWAN O	65.0	24.0	20.0	23.0	20.0	34.0	8.0
2016-04-08	6	TSEUNG KWAN O	65.0	18.0	20.0	24.0	18.0	23.0	6.0
2016-04-08	7	TSEUNG KWAN O	71.0	13.0	27.0	47.0	10.0	17.0	5.0
2016-04-08	8	TSEUNG KWAN O	86.0	10.0	34.0	72.0	6.0	15.0	5.0
2016-04-08	9	TSEUNG KWAN O	89.0	11.0	37.0	81.0	7.0	15.0	4.0
2016-04-08	10	TSEUNG KWAN O	78.0	18.0	29.0	51.0	13.0	17.0	3.0
2016-04-08	11	TSEUNG KWAN O	82.0	24.0	34.0	68.0	18.0		3.0
2016-04-08	12	TSEUNG KWAN O	69.0	23.0	29.0	54.0	34.0	24.0	3.0
2016-04-08	13	TSEUNG KWAN O	68.0	17.0	24.0	40.0	42.0	29.0	5.0
2016-04-08	14	TSEUNG KWAN O	70.0	10.0	30.0	49.0	37.0	23.0	6.0
2016-04-08	15	TSEUNG KWAN O	69.0	11.0	28.0	47.0	37.0	19.0	5.0
2016-04-08	16	TSEUNG KWAN O	70.0	14.0	32.0	54.0	34.0	40.0	6.0
2016-04-08	17	TSEUNG KWAN O	72.0	11.0	42.0	73.0	22.0	38.0	10.0
2016-04-08	18	TSEUNG KWAN O	79.0	18.0	52.0	96.0	11.0	28.0	12.0
2016-04-08	19	TSEUNG KWAN O	87.0	29.0	55.0	102.0	5.0	39.0	14.0
2016-04-08	20	TSEUNG KWAN O	88.0	29.0	54.0	94.0	6.0	37.0	14.0
2016-04-08	21	TSEUNG KWAN O	85.0	23.0	50.0	86.0	6.0	32.0	14.0
2016-04-08	22	TSEUNG KWAN O	78.0	18.0	45.0	68.0	6.0	32.0	18.0
2016-04-08	23	TSEUNG KWAN O	81.0	19.0	45.0	77.0	4.0	31.0	13.0
2016-04-08	24	TSEUNG KWAN O	79.0	24.0	42.0	76.0	5.0	29.0	13.0
2016-04-09	1	TSEUNG KWAN O	83.0	28.0	43.0	94.0	3.0	28.0	9.0
2016-04-09	2	TSEUNG KWAN O	78.0	26.0	38.0	83.0	4.0	29.0	8.0
2016-04-09	3	TSEUNG KWAN O	73.0	21.0	36.0	58.0	4.0	26.0	12.0
2016-04-09	4	TSEUNG KWAN O		22.0				25.0	
2016-04-09	5	TSEUNG KWAN O	70.0	24.0	28.0	43.0	7.0	25.0	9.0
2016-04-09	6	TSEUNG KWAN O	70.0	26.0	29.0	50.0	11.0	28.0	9.0
2016-04-09	7	TSEUNG KWAN O	76.0	26.0	34.0	68.0	7.0	30.0	5.0
2016-04-09	8	TSEUNG KWAN O	76.0	19.0	38.0	80.0	8.0	26.0	5.0
2016-04-09	9	TSEUNG KWAN O	74.0	21.0	36.0	67.0	13.0	28.0	8.0
2016-04-09	10	TSEUNG KWAN O	76.0	23.0	38.0	73.0	15.0	31.0	7.0
2016-04-09	11	TSEUNG KWAN O	76.0	23.0	38.0	72.0	16.0	30.0	18.0
2016-04-09	12	TSEUNG KWAN O	74.0	18.0	33.0	56.0	26.0	27.0	11.0
2016-04-09	13	TSEUNG KWAN O	72.0	15.0	29.0	49.0	33.0	23.0	8.0
2016-04-09	14	TSEUNG KWAN O	74.0	18.0	35.0	56.0	29.0	21.0	7.0
2016-04-09	15	TSEUNG KWAN O	74.0	19.0	34.0	56.0	28.0	23.0	4.0
2016-04-09	16	TSEUNG KWAN O	74.0	16.0	34.0	54.0	28.0	25.0	3.0
2016-04-09	17	TSEUNG KWAN O	74.0	16.0	35.0	53.0	26.0	31.0	2.0
2016-04-09	18	TSEUNG KWAN O	73.0	20.0	29.0	38.0	33.0	36.0	4.0
2016-04-09	19	TSEUNG KWAN O	77.0	17.0	41.0	55.0	19.0	63.0	10.0
2016-04-09	20	TSEUNG KWAN O	78.0	11.0	42.0	53.0	17.0	72.0	6.0
2016-04-09	21	TSEUNG KWAN O	75.0	14.0	35.0	41.0	17.0	41.0	8.0
2016-04-09	22	TSEUNG KWAN O	75.0	19.0	41.0	57.0	7.0	27.0	16.0
2016-04-09	23	TSEUNG KWAN O	78.0	17.0	39.0	63.0	9.0		10.0
2016-04-09	24	TSEUNG KWAN O	75.0	18.0	36.0	50.0	9.0		9.0
2016-04-10	1	TSEUNG KWAN O	74.0	16.0	40.0	62.0	7.0	24.0	12.0
2016-04-10	2	TSEUNG KWAN O	74.0	18.0	37.0	51.0	9.0	26.0	14.0
2016-04-10	3	TSEUNG KWAN O	70.0	18.0	29.0	37.0	14.0	24.0	13.0
2016-04-10	4	TSEUNG KWAN O	68.0	14.0	28.0	38.0	14.0	21.0	12.0
2016-04-10	5	TSEUNG KWAN O	67.0	16.0	24.0	30.0	18.0	21.0	11.0
2016-04-10	6	TSEUNG KWAN O	66.0	17.0	28.0	45.0	16.0	21.0	7.0
2016-04-10	7	TSEUNG KWAN O	68.0	17.0	26.0	41.0	20.0	19.0	7.0
2016-04-10	8	TSEUNG KWAN O	68.0	14.0	24.0	36.0	22.0	19.0	5.0
2016-04-10	9	TSEUNG KWAN O	68.0	9.0	23.0	38.0	28.0	15.0	4.0
2016-04-10	10	TSEUNG KWAN O	70.0	10.0	18.0	26.0	33.0	14.0	3.0
2016-04-10	11	TSEUNG KWAN O	72.0	16.0	26.0	38.0	29.0	35.0	2.0
2016-04-10	12	TSEUNG KWAN O	82.0	17.0	50.0	59.0	62.0	35.0	1.0
2016-04-10	13	TSEUNG KWAN O	90.0	10.0	59.0	76.0	60.0	13.0	1.0
2016-04-10	14	TSEUNG KWAN O	88.0	6.0	53.0	64.0	61.0		1.0
2016-04-10	15	TSEUNG KWAN O	98.0	9.0	76.0	94.0	35.0		1.0
2016-04-10	16	TSEUNG KWAN O	98.0	13.0	80.0	100.0	30.0	15.0	2.0
2016-04-10	17	TSEUNG KWAN O	79.0	11.0	23.0	29.0	97.0	16.0	1.0
2016-04-10	18	TSEUNG KWAN O	82.0	6.0	29.0	33.0	85.0	16.0	1.0
2016-04-10	19	TSEUNG KWAN O	82.0	4.0	30.0	34.0	79.0	16.0	2.0
2016-04-10	20	TSEUNG KWAN O	81.0	2.0	25.0	29.0	88.0	11.0	2.0
2016-04-10	21	TSEUNG KWAN O	77.0	4.0	17.0	20.0	95.0	12.0	2.0
2016-04-10	22	TSEUNG KWAN O	77.0	8.0	15.0	18.0	93.0	17.0	2.0
2016-04-10	23	TSEUNG KWAN O	81.0	10.0	22.0	25.0	85.0	17.0	1.0
2016-04-10	24	TSEUNG KWAN O	79.0	9.0	19.0	22.0	84.0	14.0	1.0
2016-04-11	1	TSEUNG KWAN O	78.0	8.0	14.0	16.0	89.0	10.0	1.0
2016-04-11	2	TSEUNG KWAN O	76.0	6.0	12.0	15.0	87.0	11.0	1.0
2016-04-11	3	TSEUNG KWAN O	72.0	3.0	5.0	8.0	95.0	9.0	1.0
2016-04-11	4	TSEUNG KWAN O		6.0				6.0	
2016-04-11	5	TSEUNG KWAN O		8.0				9.0	
2016-04-11	6	TSEUNG KWAN O	73.0	8.0	7.0	10.0	76.0	13.0	1.0
2016-04-11	7	TSEUNG KWAN O	79.0	6.0	26.0	38.0	60.0	15.0	2.0
2016-04-11	8	TSEUNG KWAN O	81.0	5.0	23.0	28.0	63.0		1.0
2016-04-11	9	TSEUNG KWAN O	81.0	10.0	24.0	29.0	63.0		2.0
2016-04-11	10	TSEUNG KWAN O	80.0	12.0	19.0	25.0	68.0	15.0	2.0
2016-04-11	11	TSEUNG KWAN O	80.0	12.0	25.0	30.0	66.0	43.0	2.0
2016-04-11	12	TSEUNG KWAN O	81.0	14.0	17.0	22.0	79.0	45.0	3.0
2016-04-11	13	TSEUNG KWAN O	81.0	17.0	15.0	20.0	79.0	19.0	3.0
2016-04-11	14	TSEUNG KWAN O	77.0	16.0	19.0	23.0	67.0	17.0	2.0
2016-04-11	15	TSEUNG KWAN O	74.0	12.0	18.0	22.0	73.0	19.0	3.0
2016-04-11	16	TSEUNG KWAN O	72.0	12.0	16.0	21.0	78.0	20.0	3.0
2016-04-11	17	TSEUNG KWAN O	74.0	11.0	21.0	26.0	80.0	23.0	3.0
2016-04-11	18	TSEUNG KWAN O	72.0	5.0	11.0	15.0	89.0	21.0	2.0
2016-04-11	19	TSEUNG KWAN O	78.0	5.0	16.0	20.0	83.0	18.0	2.0
2016-04-11	20	TSEUNG KWAN O	76.0	5.0	14.0	18.0	84.0	17.0	2.0
2016-04-11	21	TSEUNG KWAN O	74.0	6.0	13.0	17.0	85.0	20.0	3.0
2016-04-11	22	TSEUNG KWAN O	75.0	6.0	15.0	20.0	82.0	22.0	4.0
2016-04-11	23	TSEUNG KWAN O	75.0	2.0	12.0	16.0	87.0	17.0	3.0
2016-04-11	24	TSEUNG KWAN O	72.0	5.0	10.0	14.0	91.0	16.0	3.0
2016-04-12	1	TSEUNG KWAN O	70.0	7.0	13.0	19.0	88.0	17.0	2.0
2016-04-12	2	TSEUNG KWAN O	70.0	3.0	7.0	10.0	92.0	16.0	2.0
2016-04-12	3	TSEUNG KWAN O	69.0	4.0	5.0	7.0	94.0	16.0	2.0
2016-04-12	4	TSEUNG KWAN O	66.0	5.0	4.0	7.0	92.0	18.0	2.0
2016-04-12	5	TSEUNG KWAN O	66.0	6.0	6.0	9.0	86.0	18.0	3.0
2016-04-12	6	TSEUNG KWAN O	65.0	4.0	6.0	10.0	88.0	19.0	3.0
2016-04-12	7	TSEUNG KWAN O	70.0	5.0	16.0	22.0	73.0	19.0	4.0
2016-04-12	8	TSEUNG KWAN O	69.0	9.0	16.0	20.0	75.0	18.0	3.0
2016-04-12	9	TSEUNG KWAN O	71.0	9.0	21.0	28.0	71.0	17.0	3.0
2016-04-12	10	TSEUNG KWAN O	70.0	10.0	18.0	23.0	73.0	18.0	4.0
2016-04-12	11	TSEUNG KWAN O	71.0	18.0	17.0	21.0	71.0	26.0	3.0
2016-04-12	12	TSEUNG KWAN O	72.0	18.0	20.0	26.0	69.0	27.0	4.0
2016-04-12	13	TSEUNG KWAN O	71.0	19.0	15.0	19.0	79.0	30.0	3.0
2016-04-12	14	TSEUNG KWAN O	70.0	21.0	16.0	20.0	83.0	38.0	3.0
2016-04-12	15	TSEUNG KWAN O	71.0	20.0	17.0	21.0	80.0	40.0	2.0
2016-04-12	16	TSEUNG KWAN O	73.0	16.0	28.0	34.0	74.0	33.0	3.0
2016-04-12	17	TSEUNG KWAN O	72.0	7.0	24.0	28.0	78.0	20.0	3.0
2016-04-12	18	TSEUNG KWAN O	74.0	11.0	29.0	35.0	70.0	22.0	2.0
2016-04-12	19	TSEUNG KWAN O	80.0	19.0	31.0	36.0	67.0	29.0	2.0
2016-04-12	20	TSEUNG KWAN O	88.0	18.0	53.0	67.0	43.0	29.0	2.0
2016-04-12	21	TSEUNG KWAN O	79.0	12.0	26.0	33.0	68.0	21.0	1.0
2016-04-12	22	TSEUNG KWAN O	77.0	5.0	14.0	18.0	75.0	13.0	2.0
2016-04-12	23	TSEUNG KWAN O	78.0	3.0	18.0	22.0	69.0	10.0	2.0
2016-04-12	24	TSEUNG KWAN O	90.0	5.0	48.0	62.0	36.0	10.0	2.0
2016-04-13	1	TSEUNG KWAN O	84.0	8.0	36.0	42.0	44.0	13.0	2.0
2016-04-13	2	TSEUNG KWAN O	74.0	9.0	13.0	16.0	64.0	15.0	3.0
2016-04-13	3	TSEUNG KWAN O	75.0	8.0	14.0	18.0	57.0	19.0	2.0
2016-04-13	4	TSEUNG KWAN O		7.0				27.0	
2016-04-13	5	TSEUNG KWAN O	69.0	8.0	9.0	13.0	61.0	31.0	3.0
2016-04-13	6	TSEUNG KWAN O	82.0	7.0	44.0	101.0	13.0	26.0	3.0
2016-04-13	7	TSEUNG KWAN O	104.0	8.0	62.0	281.0	2.0	26.0	6.0
2016-04-13	8	TSEUNG KWAN O	116.0	12.0	67.0	187.0	20.0	29.0	4.0
2016-04-13	9	TSEUNG KWAN O	113.0	13.0	93.0	134.0	20.0	18.0	2.0
2016-04-13	10	TSEUNG KWAN O	120.0	7.0	112.0	204.0	5.0		3.0
2016-04-13	11	TSEUNG KWAN O	123.0	4.0	122.0	220.0	6.0		4.0
2016-04-13	12	TSEUNG KWAN O	127.0	13.0	121.0	237.0	5.0	10.0	4.0
2016-04-13	13	TSEUNG KWAN O	130.0	23.0	109.0	171.0	10.0	24.0	3.0
2016-04-13	14	TSEUNG KWAN O	119.0	28.0	91.0	109.0	25.0	31.0	2.0
2016-04-13	15	TSEUNG KWAN O	105.0	27.0	49.0	54.0	66.0	29.0	1.0
2016-04-13	16	TSEUNG KWAN O	113.0	20.0	98.0	175.0	9.0	19.0	3.0
2016-04-13	17	TSEUNG KWAN O	103.0	13.0	53.0	67.0	49.0	16.0	2.0
2016-04-13	18	TSEUNG KWAN O	103.0	12.0	46.0	51.0	55.0	18.0	2.0
2016-04-13	19	TSEUNG KWAN O	116.0		61.0	72.0	28.0	18.0	2.0
2016-04-13	20	TSEUNG KWAN O	106.0		37.0	42.0	48.0	16.0	1.0
2016-04-13	21	TSEUNG KWAN O	100.0		26.0	30.0	63.0	12.0	2.0
2016-04-13	22	TSEUNG KWAN O	99.0	12.0	18.0	22.0	74.0	13.0	2.0
2016-04-13	23	TSEUNG KWAN O	97.0	10.0	13.0	16.0	81.0	15.0	2.0
2016-04-13	24	TSEUNG KWAN O	97.0	11.0	12.0	15.0	77.0	13.0	2.0
2016-04-14	1	TSEUNG KWAN O	96.0	11.0	16.0	19.0	69.0	13.0	2.0
2016-04-14	2	TSEUNG KWAN O	97.0	11.0	20.0	23.0	57.0	13.0	2.0
2016-04-14	3	TSEUNG KWAN O	101.0	10.0	22.0	26.0	48.0	15.0	2.0
2016-04-14	4	TSEUNG KWAN O	97.0	10.0	10.0	13.0	65.0	16.0	2.0
2016-04-14	5	TSEUNG KWAN O	96.0	14.0	6.0	9.0	75.0	20.0	2.0
2016-04-14	6	TSEUNG KWAN O	97.0	12.0	16.0	22.0	60.0	18.0	2.0
2016-04-14	7	TSEUNG KWAN O	106.0	11.0	43.0	52.0	33.0	13.0	2.0
2016-04-14	8	TSEUNG KWAN O	106.0	8.0	45.0	65.0	33.0	7.0	2.0
2016-04-14	9	TSEUNG KWAN O	102.0	8.0	36.0	50.0	41.0	8.0	2.0
2016-04-14	10	TSEUNG KWAN O	97.0	10.0	23.0	28.0	51.0	14.0	3.0
2016-04-14	11	TSEUNG KWAN O	99.0	12.0	27.0	34.0	46.0	18.0	4.0
2016-04-14	12	TSEUNG KWAN O	110.0	14.0	45.0	60.0	25.0	22.0	3.0
2016-04-14	13	TSEUNG KWAN O	102.0	13.0	31.0	42.0	38.0	22.0	3.0
2016-04-14	14	TSEUNG KWAN O	104.0	12.0	45.0	62.0	18.0	20.0	2.0
2016-04-14	15	TSEUNG KWAN O	111.0	14.0	51.0	83.0	10.0	20.0	2.0
2016-04-14	16	TSEUNG KWAN O	99.0	15.0	45.0	64.0	15.0	26.0	5.0
2016-04-14	17	TSEUNG KWAN O	97.0	14.0	48.0	62.0	12.0	27.0	8.0
2016-04-14	18	TSEUNG KWAN O	97.0	17.0	38.0	44.0	21.0	28.0	6.0
2016-04-14	19	TSEUNG KWAN O	98.0	19.0	23.0	27.0	42.0	28.0	4.0
2016-04-14	20	TSEUNG KWAN O	103.0	20.0	32.0	37.0	28.0	26.0	3.0
2016-04-14	21	TSEUNG KWAN O	103.0	19.0	34.0	42.0	19.0	23.0	3.0
2016-04-14	22	TSEUNG KWAN O	97.0	14.0	27.0	32.0	24.0	21.0	2.0
2016-04-14	23	TSEUNG KWAN O	90.0	6.0	18.0	22.0	32.0	14.0	2.0
2016-04-14	24	TSEUNG KWAN O	89.0	4.0	16.0	19.0	35.0	12.0	2.0
2016-04-15	1	TSEUNG KWAN O	89.0	8.0	17.0	21.0	35.0	17.0	2.0
2016-04-15	2	TSEUNG KWAN O	87.0	7.0	10.0	13.0	52.0	15.0	2.0
2016-04-15	3	TSEUNG KWAN O	85.0	7.0	13.0	16.0	52.0	12.0	2.0
2016-04-15	4	TSEUNG KWAN O		6.0				11.0	
2016-04-15	5	TSEUNG KWAN O	76.0	7.0	4.0	8.0	72.0	14.0	2.0
2016-04-15	6	TSEUNG KWAN O	78.0	9.0	7.0	10.0	68.0	16.0	2.0
2016-04-15	7	TSEUNG KWAN O	86.0	10.0	20.0	26.0	72.0	17.0	2.0
2016-04-15	8	TSEUNG KWAN O	94.0	16.0	40.0	48.0	74.0	20.0	2.0
2016-04-15	9	TSEUNG KWAN O	95.0	21.0	29.0	35.0	89.0	26.0	1.0
2016-04-15	10	TSEUNG KWAN O	94.0	24.0	28.0	33.0	89.0	30.0	2.0
2016-04-15	11	TSEUNG KWAN O	89.0	22.0	25.0	29.0	95.0	26.0	2.0
2016-04-15	12	TSEUNG KWAN O	88.0	19.0	26.0	31.0	98.0	22.0	1.0
2016-04-15	13	TSEUNG KWAN O	86.0	16.0	21.0	25.0	99.0	16.0	2.0
2016-04-15	14	TSEUNG KWAN O	85.0	9.0	20.0	25.0	116.0	11.0	1.0
2016-04-15	15	TSEUNG KWAN O	83.0	6.0	17.0	21.0	120.0	10.0	1.0
2016-04-15	16	TSEUNG KWAN O	82.0	8.0	18.0	22.0	115.0	11.0	1.0
2016-04-15	17	TSEUNG KWAN O	83.0	3.0	21.0	25.0	113.0	45.0	1.0
2016-04-15	18	TSEUNG KWAN O	83.0	5.0	18.0	22.0	115.0	47.0	1.0
2016-04-15	19	TSEUNG KWAN O	84.0	19.0	18.0	22.0	112.0	28.0	2.0
2016-04-15	20	TSEUNG KWAN O	84.0	29.0	22.0	28.0	104.0	45.0	2.0
2016-04-15	21	TSEUNG KWAN O	83.0	36.0	17.0	21.0	105.0	62.0	2.0
2016-04-15	22	TSEUNG KWAN O	82.0	37.0	15.0	20.0	108.0	70.0	3.0
2016-04-15	23	TSEUNG KWAN O	86.0	37.0	19.0	23.0	100.0	78.0	3.0
2016-04-15	24	TSEUNG KWAN O	84.0	37.0	15.0	19.0	98.0	82.0	3.0
2016-04-16	1	TSEUNG KWAN O	84.0	36.0	15.0	19.0	92.0	77.0	3.0
2016-04-16	2	TSEUNG KWAN O	82.0	29.0	12.0	15.0	90.0	71.0	4.0
2016-04-16	3	TSEUNG KWAN O	82.0	32.0	11.0	15.0	81.0	80.0	4.0
2016-04-16	4	TSEUNG KWAN O	82.0	38.0	10.0	13.0	74.0	97.0	4.0
2016-04-16	5	TSEUNG KWAN O	82.0	43.0	12.0	16.0	62.0	109.0	4.0
2016-04-16	6	TSEUNG KWAN O	83.0	48.0	16.0	20.0	52.0	110.0	3.0
2016-04-16	7	TSEUNG KWAN O	91.0	41.0	30.0	37.0	32.0	87.0	4.0
2016-04-16	8	TSEUNG KWAN O	110.0	29.0	61.0	211.0	4.0	58.0	7.0
2016-04-16	9	TSEUNG KWAN O	83.0	17.0	42.0	96.0	8.0	31.0	9.0
2016-04-16	10	TSEUNG KWAN O	85.0	15.0	39.0	102.0	9.0		12.0
2016-04-16	11	TSEUNG KWAN O	84.0	11.0	36.0	87.0	15.0		10.0
2016-04-16	12	TSEUNG KWAN O	81.0	14.0	30.0	59.0	22.0		5.0
2016-04-16	13	TSEUNG KWAN O	81.0	15.0	22.0	42.0	33.0		4.0
2016-04-16	14	TSEUNG KWAN O	81.0	13.0	25.0	45.0	31.0		4.0
2016-04-16	15	TSEUNG KWAN O	80.0	12.0	20.0	36.0	35.0		3.0
2016-04-16	16	TSEUNG KWAN O	81.0	12.0	21.0	38.0	33.0		3.0
2016-04-16	17	TSEUNG KWAN O	82.0	16.0	18.0	32.0	30.0	19.0	2.0
2016-04-16	18	TSEUNG KWAN O	86.0	19.0	31.0	52.0	18.0	35.0	2.0
2016-04-16	19	TSEUNG KWAN O	93.0	26.0	39.0	75.0	11.0	39.0	4.0
2016-04-16	20	TSEUNG KWAN O	107.0	26.0	46.0	103.0	4.0	39.0	6.0
2016-04-16	21	TSEUNG KWAN O	100.0	27.0	43.0	95.0	3.0	39.0	9.0
2016-04-16	22	TSEUNG KWAN O	98.0	29.0	40.0	79.0	2.0	41.0	9.0
2016-04-16	23	TSEUNG KWAN O	102.0	29.0	39.0	95.0	2.0	39.0	11.0
2016-04-16	24	TSEUNG KWAN O	90.0	28.0	34.0	69.0	3.0	37.0	9.0
2016-04-17	1	TSEUNG KWAN O	78.0	22.0	25.0	35.0	7.0	32.0	6.0
2016-04-17	2	TSEUNG KWAN O	84.0	15.0	27.0	44.0	3.0	24.0	5.0
2016-04-17	3	TSEUNG KWAN O	80.0	17.0	24.0	37.0	5.0	22.0	5.0
2016-04-17	4	TSEUNG KWAN O		20.0				19.0	
2016-04-17	5	TSEUNG KWAN O	70.0	18.0	16.0	20.0	10.0		4.0
2016-04-17	6	TSEUNG KWAN O	73.0	11.0	22.0	27.0	6.0	11.0	5.0
2016-04-17	7	TSEUNG KWAN O	75.0	8.0	22.0	30.0	6.0	11.0	5.0
2016-04-17	8	TSEUNG KWAN O	78.0	16.0	23.0	36.0	6.0	17.0	5.0
2016-04-17	9	TSEUNG KWAN O	83.0	14.0	28.0	62.0	6.0	16.0	7.0
2016-04-17	10	TSEUNG KWAN O	83.0	12.0	30.0	77.0	8.0	15.0	9.0
2016-04-17	11	TSEUNG KWAN O	82.0	12.0	28.0	62.0	10.0	15.0	8.0
2016-04-17	12	TSEUNG KWAN O	81.0	15.0	28.0	57.0	11.0	18.0	9.0
2016-04-17	13	TSEUNG KWAN O	80.0	18.0	24.0	44.0	17.0	23.0	7.0
2016-04-17	14	TSEUNG KWAN O	81.0	14.0	25.0	48.0	17.0	24.0	8.0
2016-04-17	15	TSEUNG KWAN O	79.0	14.0	18.0	33.0	24.0	24.0	5.0
2016-04-17	16	TSEUNG KWAN O	78.0	17.0	16.0	26.0	25.0	21.0	5.0
2016-04-17	17	TSEUNG KWAN O	79.0	10.0	16.0	26.0	22.0	17.0	4.0
2016-04-17	18	TSEUNG KWAN O	80.0	10.0	18.0	31.0	14.0	18.0	4.0
2016-04-17	19	TSEUNG KWAN O	77.0	17.0	19.0	25.0	15.0	23.0	4.0
2016-04-17	20	TSEUNG KWAN O	80.0	16.0	23.0	36.0	10.0	25.0	4.0
2016-04-17	21	TSEUNG KWAN O	81.0	16.0	24.0	47.0	9.0	23.0	5.0
2016-04-17	22	TSEUNG KWAN O	87.0	16.0	26.0	54.0	8.0	20.0	3.0
2016-04-17	23	TSEUNG KWAN O	79.0	14.0	16.0	30.0	16.0	24.0	2.0
2016-04-17	24	TSEUNG KWAN O	83.0	12.0	25.0	57.0	8.0	22.0	2.0
2016-04-18	1	TSEUNG KWAN O	77.0	11.0	32.0	61.0	3.0	19.0	4.0
2016-04-18	2	TSEUNG KWAN O	79.0	10.0	34.0	88.0	2.0	16.0	5.0
2016-04-18	3	TSEUNG KWAN O	86.0	10.0	24.0	68.0	20.0	16.0	3.0
2016-04-18	4	TSEUNG KWAN O	97.0	12.0	25.0	31.0	69.0	20.0	1.0
2016-04-18	5	TSEUNG KWAN O	101.0	12.0	32.0	39.0	60.0	20.0	1.0
2016-04-18	6	TSEUNG KWAN O	101.0	15.0	26.0	33.0	72.0	20.0	1.0
2016-04-18	7	TSEUNG KWAN O	104.0	16.0	21.0	24.0	68.0	21.0	1.0
2016-04-18	8	TSEUNG KWAN O	106.0	12.0	28.0	36.0	54.0	19.0	2.0
2016-04-18	9	TSEUNG KWAN O	113.0	11.0	66.0	85.0	29.0	19.0	2.0
2016-04-18	10	TSEUNG KWAN O	113.0	10.0	67.0	93.0	24.0	16.0	2.0
2016-04-18	11	TSEUNG KWAN O	103.0	8.0	31.0	36.0	58.0	15.0	1.0
2016-04-18	12	TSEUNG KWAN O	104.0	5.0	14.0	19.0	75.0	13.0	2.0
2016-04-18	13	TSEUNG KWAN O	107.0	3.0	18.0	23.0	77.0	10.0	2.0
2016-04-18	14	TSEUNG KWAN O	106.0	4.0	16.0	20.0	102.0	8.0	2.0
2016-04-18	15	TSEUNG KWAN O	105.0	6.0	10.0	14.0	120.0	9.0	2.0
2016-04-18	16	TSEUNG KWAN O	105.0	9.0	11.0	16.0	126.0	15.0	2.0
2016-04-18	17	TSEUNG KWAN O	104.0	9.0	16.0	20.0	122.0	13.0	3.0
2016-04-18	18	TSEUNG KWAN O	104.0	7.0	16.0	20.0	103.0	9.0	4.0
2016-04-18	19	TSEUNG KWAN O	106.0	9.0	23.0	27.0	87.0	13.0	5.0
2016-04-18	20	TSEUNG KWAN O	105.0	12.0	26.0	30.0	73.0	16.0	8.0
2016-04-18	21	TSEUNG KWAN O	105.0	14.0	24.0	29.0	67.0	17.0	7.0
2016-04-18	22	TSEUNG KWAN O	106.0	9.0	20.0	24.0	67.0	14.0	6.0
2016-04-18	23	TSEUNG KWAN O	108.0	5.0	18.0	21.0	94.0	11.0	6.0
2016-04-18	24	TSEUNG KWAN O	107.0	9.0	12.0	15.0	116.0	23.0	4.0
2016-04-19	1	TSEUNG KWAN O	98.0	14.0	9.0	12.0	117.0	38.0	3.0
2016-04-19	2	TSEUNG KWAN O	98.0	13.0	5.0	8.0	122.0	39.0	2.0
2016-04-19	3	TSEUNG KWAN O	96.0	9.0	4.0	8.0	116.0	33.0	2.0
2016-04-19	4	TSEUNG KWAN O		7.0				31.0	
2016-04-19	5	TSEUNG KWAN O	95.0	9.0	7.0	12.0	119.0	30.0	2.0
2016-04-19	6	TSEUNG KWAN O	94.0	8.0	10.0	13.0	116.0	28.0	2.0
2016-04-19	7	TSEUNG KWAN O	94.0	7.0	16.0	20.0	107.0	24.0	3.0
2016-04-19	8	TSEUNG KWAN O	99.0	8.0	22.0	27.0	102.0	25.0	2.0
2016-04-19	9	TSEUNG KWAN O	97.0	8.0	23.0	28.0	101.0	22.0	2.0
2016-04-19	10	TSEUNG KWAN O	98.0	10.0	14.0	18.0	107.0	22.0	2.0
2016-04-19	11	TSEUNG KWAN O	99.0	12.0	19.0	23.0	101.0	26.0	3.0
2016-04-19	12	TSEUNG KWAN O	99.0	11.0	16.0	20.0	108.0	26.0	3.0
2016-04-19	13	TSEUNG KWAN O	97.0	12.0	14.0	18.0	113.0	27.0	3.0
2016-04-19	14	TSEUNG KWAN O	91.0	11.0	15.0	19.0	122.0	22.0	3.0
2016-04-19	15	TSEUNG KWAN O	89.0	9.0	20.0	25.0	122.0	17.0	5.0
2016-04-19	16	TSEUNG KWAN O	88.0	10.0	19.0	23.0	119.0	19.0	3.0
2016-04-19	17	TSEUNG KWAN O	88.0	10.0	24.0	29.0	113.0	21.0	4.0
2016-04-19	18	TSEUNG KWAN O	89.0	14.0	21.0	26.0	115.0	24.0	4.0
2016-04-19	19	TSEUNG KWAN O	87.0	18.0	18.0	23.0	120.0	31.0	4.0
2016-04-19	20	TSEUNG KWAN O	86.0	15.0	20.0	24.0	116.0	31.0	3.0
2016-04-19	21	TSEUNG KWAN O	86.0	12.0	18.0	22.0	115.0	25.0	4.0
2016-04-19	22	TSEUNG KWAN O	82.0	11.0	15.0	19.0	118.0	23.0	2.0
2016-04-19	23	TSEUNG KWAN O	81.0	14.0	14.0	18.0	110.0	31.0	3.0
2016-04-19	24	TSEUNG KWAN O	80.0	18.0	13.0	16.0	108.0	37.0	3.0
2016-04-20	1	TSEUNG KWAN O	77.0	17.0	9.0	13.0	116.0	37.0	3.0
2016-04-20	2	TSEUNG KWAN O	76.0	17.0	8.0	11.0	119.0	35.0	3.0
2016-04-20	3	TSEUNG KWAN O	76.0	16.0	7.0	10.0	115.0	33.0	4.0
2016-04-20	4	TSEUNG KWAN O	77.0	15.0	7.0	10.0	111.0	33.0	4.0
2016-04-20	5	TSEUNG KWAN O	80.0	10.0	10.0	13.0	105.0	23.0	5.0
2016-04-20	6	TSEUNG KWAN O	81.0	9.0	11.0	14.0	101.0	23.0	4.0
2016-04-20	7	TSEUNG KWAN O	84.0	14.0	23.0	29.0	87.0	27.0	4.0
2016-04-20	8	TSEUNG KWAN O	87.0	18.0	31.0	37.0	75.0	31.0	4.0
2016-04-20	9	TSEUNG KWAN O	86.0	21.0	46.0	56.0	68.0	37.0	3.0
2016-04-20	10	TSEUNG KWAN O	82.0	18.0	20.0	25.0	89.0	37.0	4.0
2016-04-20	11	TSEUNG KWAN O	81.0	18.0	14.0	19.0	93.0	41.0	4.0
2016-04-20	12	TSEUNG KWAN O	81.0	22.0	15.0	21.0	96.0	44.0	3.0
2016-04-20	13	TSEUNG KWAN O	81.0	22.0	13.0	18.0	104.0	42.0	4.0
2016-04-20	14	TSEUNG KWAN O	82.0	22.0	13.0	18.0	107.0	42.0	4.0
2016-04-20	15	TSEUNG KWAN O	82.0	21.0	11.0	15.0	112.0	37.0	4.0
2016-04-20	16	TSEUNG KWAN O	82.0	18.0	9.0	13.0	116.0	36.0	3.0
2016-04-20	17	TSEUNG KWAN O	82.0	21.0	13.0	18.0	112.0	50.0	3.0
2016-04-20	18	TSEUNG KWAN O	82.0	24.0	11.0	16.0	113.0	63.0	3.0
2016-04-20	19	TSEUNG KWAN O	84.0	29.0	13.0	17.0	110.0	68.0	2.0
2016-04-20	20	TSEUNG KWAN O	86.0	31.0	15.0	19.0	105.0	67.0	3.0
2016-04-20	21	TSEUNG KWAN O	85.0	30.0	17.0	21.0	117.0	63.0	5.0
2016-04-20	22	TSEUNG KWAN O	85.0	29.0	15.0	18.0	113.0	62.0	5.0
2016-04-20	23	TSEUNG KWAN O	88.0	25.0	19.0	23.0	102.0	62.0	3.0
2016-04-20	24	TSEUNG KWAN O	92.0	28.0	29.0	33.0	77.0	56.0	6.0
2016-04-21	1	TSEUNG KWAN O	91.0	35.0	26.0	30.0	66.0		4.0
2016-04-21	2	TSEUNG KWAN O	92.0	38.0	31.0	35.0	48.0		4.0
2016-04-21	3	TSEUNG KWAN O	97.0	38.0	36.0	40.0	30.0	38.0	4.0
2016-04-21	4	TSEUNG KWAN O		36.0					
2016-04-21	5	TSEUNG KWAN O	81.0	28.0	6.0	10.0	74.0		3.0
2016-04-21	6	TSEUNG KWAN O	82.0	23.0	9.0	13.0	83.0		4.0
2016-04-21	7	TSEUNG KWAN O	91.0	17.0	27.0	33.0	54.0	29.0	3.0
2016-04-21	8	TSEUNG KWAN O	101.0	17.0	43.0	53.0	39.0	27.0	3.0
2016-04-21	9	TSEUNG KWAN O	90.0	19.0	20.0	25.0	69.0		2.0
2016-04-21	10	TSEUNG KWAN O	83.0	18.0	11.0	16.0	76.0	15.0	2.0
2016-04-21	11	TSEUNG KWAN O	84.0	17.0	13.0	20.0	74.0		2.0
2016-04-21	12	TSEUNG KWAN O	85.0	14.0	29.0	46.0	61.0		6.0
2016-04-21	13	TSEUNG KWAN O	86.0	15.0	41.0	60.0	52.0	16.0	6.0
2016-04-21	14	TSEUNG KWAN O	85.0	16.0	40.0	57.0	61.0	21.0	6.0
2016-04-21	15	TSEUNG KWAN O	84.0	16.0	39.0	58.0	57.0	25.0	5.0
2016-04-21	16	TSEUNG KWAN O	84.0		50.0	72.0	49.0		6.0
2016-04-21	17	TSEUNG KWAN O	87.0		60.0	84.0	30.0		11.0
2016-04-21	18	TSEUNG KWAN O	94.0		65.0	94.0	18.0		10.0
2016-04-21	19	TSEUNG KWAN O	91.0	34.0	60.0	76.0	26.0	47.0	11.0
2016-04-21	20	TSEUNG KWAN O	96.0	35.0	57.0	70.0	20.0	43.0	11.0
2016-04-21	21	TSEUNG KWAN O	108.0	31.0	64.0	91.0	3.0	35.0	10.0
2016-04-21	22	TSEUNG KWAN O	114.0	34.0	57.0	95.0	3.0	40.0	8.0
2016-04-21	23	TSEUNG KWAN O	107.0	36.0	49.0	71.0	4.0	42.0	9.0
2016-04-21	24	TSEUNG KWAN O	105.0	37.0	50.0	75.0	3.0	39.0	9.0
2016-04-22	1	TSEUNG KWAN O	101.0	37.0	44.0	62.0	4.0	43.0	7.0
2016-04-22	2	TSEUNG KWAN O	99.0	39.0	42.0	56.0	3.0	47.0	6.0
2016-04-22	3	TSEUNG KWAN O	100.0	36.0	39.0	54.0	2.0	46.0	4.0
2016-04-22	4	TSEUNG KWAN O	103.0	37.0	38.0	63.0	2.0	46.0	4.0
2016-04-22	5	TSEUNG KWAN O	95.0	32.0	34.0	43.0	5.0	45.0	4.0
2016-04-22	6	TSEUNG KWAN O	91.0	24.0	29.0	36.0	10.0	43.0	4.0
2016-04-22	7	TSEUNG KWAN O	92.0	18.0	40.0	88.0	3.0	31.0	5.0
2016-04-22	8	TSEUNG KWAN O	99.0	10.0	48.0	132.0	2.0	21.0	6.0
2016-04-22	9	TSEUNG KWAN O	100.0	16.0	41.0	92.0	7.0	26.0	6.0
2016-04-22	10	TSEUNG KWAN O	87.0	18.0	56.0	78.0	45.0	28.0	3.0
2016-04-22	11	TSEUNG KWAN O	100.0	16.0	100.0	164.0	19.0	22.0	6.0
2016-04-22	12	TSEUNG KWAN O	95.0	13.0	96.0	168.0	24.0	17.0	13.0
2016-04-22	13	TSEUNG KWAN O	89.0	8.0	70.0	108.0	47.0	18.0	7.0
2016-04-22	14	TSEUNG KWAN O	97.0	5.0	90.0	151.0	23.0	14.0	8.0
2016-04-22	15	TSEUNG KWAN O	94.0	7.0	93.0	131.0	12.0	15.0	7.0
2016-04-22	16	TSEUNG KWAN O	102.0	20.0	99.0	184.0	10.0	25.0	5.0
2016-04-22	17	TSEUNG KWAN O	105.0	23.0	102.0	212.0	6.0	31.0	6.0
2016-04-22	18	TSEUNG KWAN O	107.0	18.0	87.0	181.0	7.0		5.0
2016-04-22	19	TSEUNG KWAN O	98.0	16.0	68.0	118.0	17.0		7.0
2016-04-22	20	TSEUNG KWAN O	103.0	9.0	68.0	103.0	15.0	19.0	11.0
2016-04-22	21	TSEUNG KWAN O	108.0	8.0	67.0	128.0	10.0	35.0	7.0
2016-04-22	22	TSEUNG KWAN O	108.0	14.0	63.0	123.0	14.0	38.0	6.0
2016-04-22	23	TSEUNG KWAN O	111.0	11.0	74.0	130.0	3.0	19.0	6.0
2016-04-22	24	TSEUNG KWAN O	108.0	10.0	75.0	155.0	1.0	17.0	8.0
2016-04-23	1	TSEUNG KWAN O	114.0	10.0	78.0	215.0	2.0	19.0	7.0
2016-04-23	2	TSEUNG KWAN O	118.0	15.0	60.0	173.0	1.0	25.0	5.0
2016-04-23	3	TSEUNG KWAN O	83.0	15.0	39.0	52.0	13.0	25.0	6.0
2016-04-23	4	TSEUNG KWAN O		10.0				19.0	
2016-04-23	5	TSEUNG KWAN O	82.0	11.0	33.0	48.0	6.0	16.0	5.0
2016-04-23	6	TSEUNG KWAN O	81.0	10.0	34.0	44.0	7.0		5.0
2016-04-23	7	TSEUNG KWAN O	87.0	11.0	36.0	55.0	6.0		6.0
2016-04-23	8	TSEUNG KWAN O	88.0	11.0	39.0	67.0	7.0	19.0	9.0
2016-04-23	9	TSEUNG KWAN O	95.0	10.0	45.0	94.0	5.0	32.0	11.0
2016-04-23	10	TSEUNG KWAN O	95.0	9.0	38.0	76.0	9.0	29.0	12.0
2016-04-23	11	TSEUNG KWAN O	81.0	9.0	30.0	54.0	21.0	15.0	18.0
2016-04-23	12	TSEUNG KWAN O	84.0	9.0	31.0	57.0	23.0	35.0	16.0
2016-04-23	13	TSEUNG KWAN O	87.0	12.0	46.0	96.0	17.0	41.0	12.0
2016-04-23	14	TSEUNG KWAN O	83.0	12.0	46.0	84.0	19.0	29.0	10.0
2016-04-23	15	TSEUNG KWAN O	83.0	14.0	43.0	75.0	24.0	32.0	8.0
2016-04-23	16	TSEUNG KWAN O	84.0	17.0	42.0	68.0	27.0	32.0	8.0
2016-04-23	17	TSEUNG KWAN O	85.0	11.0	46.0	67.0	42.0	48.0	6.0
2016-04-23	18	TSEUNG KWAN O	86.0	6.0	56.0	75.0	36.0	57.0	5.0
2016-04-23	19	TSEUNG KWAN O	99.0	9.0	67.0	90.0	14.0	38.0	4.0
2016-04-23	20	TSEUNG KWAN O	137.0	8.0	79.0	165.0	2.0	25.0	4.0
2016-04-23	21	TSEUNG KWAN O	115.0	12.0	78.0	163.0	2.0	29.0	6.0
2016-04-23	22	TSEUNG KWAN O	102.0	16.0	62.0	98.0	9.0	34.0	8.0
2016-04-23	23	TSEUNG KWAN O	126.0	21.0	75.0	164.0	2.0	35.0	6.0
2016-04-23	24	TSEUNG KWAN O	149.0	22.0	89.0	242.0	2.0	33.0	6.0
2016-04-24	1	TSEUNG KWAN O	138.0	16.0	83.0	250.0	2.0	30.0	5.0
2016-04-24	2	TSEUNG KWAN O	147.0	13.0	67.0	237.0	2.0	29.0	5.0
2016-04-24	3	TSEUNG KWAN O	139.0	12.0	62.0	202.0	1.0	29.0	4.0
2016-04-24	4	TSEUNG KWAN O	136.0	15.0	56.0	196.0	2.0	32.0	5.0
2016-04-24	5	TSEUNG KWAN O	130.0	12.0	51.0	174.0	2.0	28.0	4.0
2016-04-24	6	TSEUNG KWAN O	109.0	11.0	39.0	94.0	2.0	24.0	3.0
2016-04-24	7	TSEUNG KWAN O	125.0	11.0	46.0	173.0	2.0	22.0	4.0
2016-04-24	8	TSEUNG KWAN O	108.0	10.0	39.0	105.0	6.0	19.0	6.0
2016-04-24	9	TSEUNG KWAN O	97.0	13.0	41.0	85.0	9.0	19.0	14.0
2016-04-24	10	TSEUNG KWAN O	94.0	18.0	59.0	114.0	11.0	25.0	23.0
2016-04-24	11	TSEUNG KWAN O	84.0	21.0	48.0	76.0	27.0	31.0	25.0
2016-04-24	12	TSEUNG KWAN O	90.0	18.0	52.0	85.0	26.0	30.0	21.0
2016-04-24	13	TSEUNG KWAN O	92.0	16.0	56.0	83.0	28.0	28.0	14.0
2016-04-24	14	TSEUNG KWAN O	89.0	19.0	44.0	56.0	51.0	26.0	8.0
2016-04-24	15	TSEUNG KWAN O	89.0	23.0	39.0	46.0	59.0	25.0	3.0
2016-04-24	16	TSEUNG KWAN O	98.0	19.0	47.0	59.0	43.0	18.0	3.0
2016-04-24	17	TSEUNG KWAN O	85.0	5.0	30.0	40.0	54.0	16.0	5.0
2016-04-24	18	TSEUNG KWAN O	104.0		50.0	73.0	18.0	17.0	5.0
2016-04-24	19	TSEUNG KWAN O	103.0		61.0	91.0	9.0	13.0	3.0
2016-04-24	20	TSEUNG KWAN O	127.0	3.0	73.0	166.0	2.0	11.0	4.0
2016-04-24	21	TSEUNG KWAN O	132.0	9.0	73.0	175.0	2.0	14.0	4.0
2016-04-24	22	TSEUNG KWAN O	117.0	16.0	59.0	131.0	7.0	21.0	3.0
2016-04-24	23	TSEUNG KWAN O	90.0	15.0	36.0	47.0	22.0	20.0	3.0
2016-04-24	24	TSEUNG KWAN O	86.0	10.0	26.0	32.0	28.0	21.0	4.0
2016-04-25	1	TSEUNG KWAN O	84.0	7.0	24.0	30.0	24.0	22.0	3.0
2016-04-25	2	TSEUNG KWAN O	92.0	9.0	40.0	58.0	5.0	21.0	2.0
2016-04-25	3	TSEUNG KWAN O	86.0	11.0	22.0	27.0	18.0	18.0	2.0
2016-04-25	4	TSEUNG KWAN O		12.0				15.0	
2016-04-25	5	TSEUNG KWAN O		10.0				15.0	
2016-04-25	6	TSEUNG KWAN O	94.0	9.0	34.0	86.0	2.0	16.0	3.0
2016-04-25	7	TSEUNG KWAN O	116.0	10.0	44.0	181.0	2.0	19.0	5.0
2016-04-25	8	TSEUNG KWAN O	119.0	13.0	48.0	179.0	4.0	21.0	5.0
2016-04-25	9	TSEUNG KWAN O	111.0	16.0	58.0	178.0	6.0	22.0	8.0
2016-04-25	10	TSEUNG KWAN O	87.0	21.0	42.0	85.0	27.0	23.0	9.0
2016-04-25	11	TSEUNG KWAN O	86.0	19.0	44.0	80.0	28.0	23.0	11.0
2016-04-25	12	TSEUNG KWAN O	85.0	12.0	48.0	92.0	25.0	22.0	14.0
2016-04-25	13	TSEUNG KWAN O	82.0	9.0	24.0	38.0	50.0	22.0	5.0
2016-04-25	14	TSEUNG KWAN O	82.0	11.0	23.0	37.0	45.0	22.0	4.0
2016-04-25	15	TSEUNG KWAN O	83.0	14.0	31.0	50.0	37.0	26.0	5.0
2016-04-25	16	TSEUNG KWAN O	84.0	15.0	49.0	79.0	18.0	27.0	8.0
2016-04-25	17	TSEUNG KWAN O	86.0	11.0	55.0	94.0	16.0	21.0	6.0
2016-04-25	18	TSEUNG KWAN O	100.0	9.0	55.0	86.0	16.0	20.0	3.0
2016-04-25	19	TSEUNG KWAN O	107.0	12.0	57.0	105.0	5.0	24.0	4.0
2016-04-25	20	TSEUNG KWAN O	96.0	14.0	48.0	82.0	6.0	26.0	5.0
2016-04-25	21	TSEUNG KWAN O	88.0	18.0	38.0	64.0	8.0	28.0	6.0
2016-04-25	22	TSEUNG KWAN O	85.0	17.0	38.0	67.0	5.0	26.0	11.0
2016-04-25	23	TSEUNG KWAN O	92.0	18.0	39.0	84.0	4.0	27.0	6.0
2016-04-25	24	TSEUNG KWAN O	86.0	15.0	31.0	60.0	5.0	25.0	6.0
2016-04-26	1	TSEUNG KWAN O	81.0	10.0	28.0	50.0	7.0	22.0	6.0
2016-04-26	2	TSEUNG KWAN O	80.0	13.0	26.0	44.0	8.0	19.0	5.0
2016-04-26	3	TSEUNG KWAN O	77.0	15.0	19.0	27.0	16.0	19.0	5.0
2016-04-26	4	TSEUNG KWAN O	76.0	14.0	20.0	27.0	16.0	18.0	6.0
2016-04-26	5	TSEUNG KWAN O	77.0	9.0	22.0	32.0	13.0	16.0	6.0
2016-04-26	6	TSEUNG KWAN O	78.0	9.0	23.0	36.0	14.0	17.0	4.0
2016-04-26	7	TSEUNG KWAN O	82.0	11.0	29.0	61.0	10.0	15.0	5.0
2016-04-26	8	TSEUNG KWAN O	87.0	10.0	35.0	102.0	8.0	15.0	9.0
2016-04-26	9	TSEUNG KWAN O	84.0	12.0	33.0	76.0	12.0	16.0	8.0
2016-04-26	10	TSEUNG KWAN O	82.0	17.0	25.0	56.0	16.0	19.0	9.0
2016-04-26	11	TSEUNG KWAN O	81.0	16.0	25.0	58.0	17.0	21.0	11.0
2016-04-26	12	TSEUNG KWAN O							
2016-04-26	13	TSEUNG KWAN O	80.0		27.0	48.0	23.0		9.0
2016-04-26	14	TSEUNG KWAN O	79.0		25.0	46.0	29.0		8.0
2016-04-26	15	TSEUNG KWAN O	80.0	14.0	26.0	48.0	28.0	19.0	6.0
2016-04-26	16	TSEUNG KWAN O	80.0	11.0	26.0	47.0	27.0	23.0	5.0
2016-04-26	17	TSEUNG KWAN O	81.0	8.0	31.0	57.0	20.0	22.0	5.0
2016-04-26	18	TSEUNG KWAN O	82.0	8.0	34.0	60.0	18.0	23.0	5.0
2016-04-26	19	TSEUNG KWAN O	83.0	14.0	23.0	37.0	25.0	26.0	4.0
2016-04-26	20	TSEUNG KWAN O	86.0	14.0	28.0	46.0	20.0	22.0	4.0
2016-04-26	21	TSEUNG KWAN O	83.0	11.0	23.0	38.0	24.0	22.0	3.0
2016-04-26	22	TSEUNG KWAN O	83.0	10.0	24.0	35.0	23.0	22.0	3.0
2016-04-26	23	TSEUNG KWAN O	84.0	8.0	24.0	38.0	23.0	15.0	3.0
2016-04-26	24	TSEUNG KWAN O	84.0	7.0	25.0	39.0	22.0	12.0	3.0
2016-04-27	1	TSEUNG KWAN O	78.0	7.0	23.0	34.0	23.0	12.0	3.0
2016-04-27	2	TSEUNG KWAN O	77.0	9.0	16.0	24.0	25.0	16.0	2.0
2016-04-27	3	TSEUNG KWAN O	76.0	9.0	13.0	19.0	28.0	19.0	2.0
2016-04-27	4	TSEUNG KWAN O	78.0	10.0	20.0	28.0	19.0	16.0	2.0
2016-04-27	5	TSEUNG KWAN O	78.0	15.0	23.0	31.0	15.0	17.0	2.0
2016-04-27	6	TSEUNG KWAN O	78.0	17.0	32.0	60.0	8.0	20.0	2.0
2016-04-27	7	TSEUNG KWAN O	84.0	13.0	38.0	103.0	4.0	20.0	6.0
2016-04-27	8	TSEUNG KWAN O	89.0	14.0	42.0	112.0	5.0	21.0	4.0
2016-04-27	9	TSEUNG KWAN O	91.0	15.0	43.0	73.0	22.0	21.0	3.0
2016-04-27	10	TSEUNG KWAN O	89.0	13.0	33.0	45.0	24.0	19.0	2.0
2016-04-27	11	TSEUNG KWAN O		9.0				16.0	
2016-04-27	12	TSEUNG KWAN O	98.0	12.0	48.0	114.0	12.0	19.0	7.0
2016-04-27	13	TSEUNG KWAN O	99.0	20.0	62.0	132.0	20.0	26.0	7.0
2016-04-27	14	TSEUNG KWAN O	93.0	23.0	52.0	102.0	31.0	33.0	7.0
2016-04-27	15	TSEUNG KWAN O	93.0	24.0	55.0	80.0	51.0	37.0	9.0
2016-04-27	16	TSEUNG KWAN O	97.0	26.0	67.0	91.0	49.0	35.0	8.0
2016-04-27	17	TSEUNG KWAN O	100.0	25.0	83.0	116.0	36.0	35.0	8.0
2016-04-27	18	TSEUNG KWAN O	101.0	24.0	84.0	124.0	18.0	48.0	11.0
2016-04-27	19	TSEUNG KWAN O	105.0	29.0	96.0	120.0	22.0	56.0	10.0
2016-04-27	20	TSEUNG KWAN O	107.0	32.0	91.0	111.0	26.0	48.0	13.0
2016-04-27	21	TSEUNG KWAN O	113.0	32.0	90.0	127.0	21.0	44.0	9.0
2016-04-27	22	TSEUNG KWAN O	129.0	30.0	104.0	162.0	4.0	38.0	10.0
2016-04-27	23	TSEUNG KWAN O	115.0	33.0	77.0	112.0	7.0	40.0	8.0
2016-04-27	24	TSEUNG KWAN O	105.0	34.0	52.0	65.0	20.0	42.0	7.0
2016-04-28	1	TSEUNG KWAN O	113.0	33.0	70.0	129.0	2.0	40.0	7.0
2016-04-28	2	TSEUNG KWAN O	103.0	29.0	66.0	114.0	2.0	38.0	8.0
2016-04-28	3	TSEUNG KWAN O	114.0	26.0	62.0	157.0	2.0	36.0	9.0
2016-04-28	4	TSEUNG KWAN O		23.0				34.0	
2016-04-28	5	TSEUNG KWAN O		24.0				34.0	
2016-04-28	6	TSEUNG KWAN O	110.0	29.0	38.0	71.0	7.0	38.0	5.0
2016-04-28	7	TSEUNG KWAN O	112.0	34.0	43.0	68.0	10.0	46.0	6.0
2016-04-28	8	TSEUNG KWAN O	111.0	36.0	31.0	43.0	34.0	50.0	6.0
2016-04-28	9	TSEUNG KWAN O	106.0	26.0	19.0	26.0	53.0	39.0	5.0
2016-04-28	10	TSEUNG KWAN O		17.0				26.0	
2016-04-28	11	TSEUNG KWAN O	104.0	14.0	11.0	16.0	87.0	23.0	4.0
2016-04-28	12	TSEUNG KWAN O	103.0	19.0	12.0	17.0	105.0	29.0	4.0
2016-04-28	13	TSEUNG KWAN O	107.0	24.0	24.0	31.0	88.0	34.0	3.0
2016-04-28	14	TSEUNG KWAN O	111.0	21.0	32.0	41.0	83.0	28.0	2.0
2016-04-28	15	TSEUNG KWAN O	110.0	19.0	48.0	59.0	91.0	26.0	3.0
2016-04-28	16	TSEUNG KWAN O	105.0	19.0	13.0	18.0		34.0	3.0
2016-04-28	17	TSEUNG KWAN O	105.0	17.0	14.0	18.0	133.0	34.0	3.0
2016-04-28	18	TSEUNG KWAN O	108.0	20.0	26.0	31.0	122.0	31.0	5.0
2016-04-28	19	TSEUNG KWAN O	112.0	24.0	60.0	68.0	68.0	35.0	7.0
2016-04-28	20	TSEUNG KWAN O	104.0	24.0	33.0	37.0	85.0	43.0	10.0
2016-04-28	21	TSEUNG KWAN O	101.0	22.0	18.0	22.0	95.0	37.0	7.0
2016-04-28	22	TSEUNG KWAN O	104.0	23.0	19.0	23.0	93.0	29.0	9.0
2016-04-28	23	TSEUNG KWAN O	105.0	21.0	14.0	18.0	98.0	27.0	10.0
2016-04-28	24	TSEUNG KWAN O	105.0	18.0	14.0	18.0	98.0	30.0	8.0
2016-04-29	1	TSEUNG KWAN O	105.0	17.0	10.0	13.0	107.0	34.0	8.0
2016-04-29	2	TSEUNG KWAN O	104.0	22.0	8.0	11.0	107.0	34.0	7.0
2016-04-29	3	TSEUNG KWAN O	102.0	25.0	8.0	12.0	100.0	36.0	7.0
2016-04-29	4	TSEUNG KWAN O		24.0				35.0	
2016-04-29	5	TSEUNG KWAN O	101.0	23.0	7.0	11.0	112.0	32.0	6.0
2016-04-29	6	TSEUNG KWAN O	105.0	21.0	8.0	11.0	117.0	26.0	5.0
2016-04-29	7	TSEUNG KWAN O	107.0	25.0	16.0	21.0	117.0	27.0	4.0
2016-04-29	8	TSEUNG KWAN O	104.0	29.0	21.0	27.0	106.0	37.0	4.0
2016-04-29	9	TSEUNG KWAN O	104.0	28.0	22.0	28.0	111.0	42.0	3.0
2016-04-29	10	TSEUNG KWAN O	104.0	26.0	13.0	17.0	130.0	41.0	3.0
2016-04-29	11	TSEUNG KWAN O	106.0	25.0	16.0	21.0	141.0	41.0	4.0
2016-04-29	12	TSEUNG KWAN O	104.0	32.0	14.0	18.0	161.0	48.0	4.0
2016-04-29	13	TSEUNG KWAN O	99.0	37.0	11.0	15.0	166.0	57.0	5.0
2016-04-29	14	TSEUNG KWAN O	94.0	39.0	11.0	16.0	167.0	57.0	4.0
2016-04-29	15	TSEUNG KWAN O	91.0	37.0	14.0	18.0	162.0	50.0	4.0
2016-04-29	16	TSEUNG KWAN O							
2016-04-29	17	TSEUNG KWAN O	90.0	23.0	14.0	18.0	166.0	38.0	4.0
2016-04-29	18	TSEUNG KWAN O	93.0	22.0	17.0	20.0	160.0	40.0	4.0
2016-04-29	19	TSEUNG KWAN O	95.0	26.0	19.0	22.0	155.0	47.0	3.0
2016-04-29	20	TSEUNG KWAN O	95.0	33.0	25.0	28.0	145.0	51.0	4.0
2016-04-29	21	TSEUNG KWAN O	94.0	32.0	17.0	19.0	159.0	48.0	4.0
2016-04-29	22	TSEUNG KWAN O	95.0	29.0	18.0	20.0	159.0	48.0	4.0
2016-04-29	23	TSEUNG KWAN O	95.0	28.0	15.0	18.0	162.0	44.0	4.0
2016-04-29	24	TSEUNG KWAN O	95.0	28.0	13.0	16.0	163.0	44.0	5.0
2016-04-30	1	TSEUNG KWAN O	95.0	33.0	13.0	15.0	165.0	51.0	4.0
2016-04-30	2	TSEUNG KWAN O	95.0	35.0	9.0	12.0	170.0	50.0	4.0
2016-04-30	3	TSEUNG KWAN O	96.0	35.0	10.0	11.0	172.0	52.0	5.0
2016-04-30	4	TSEUNG KWAN O	97.0	35.0	9.0	10.0	178.0	54.0	5.0
2016-04-30	5	TSEUNG KWAN O	96.0	39.0	7.0	10.0	174.0	56.0	5.0
2016-04-30	6	TSEUNG KWAN O	96.0	42.0	11.0	13.0	158.0	56.0	5.0
2016-04-30	7	TSEUNG KWAN O	97.0	41.0	15.0	18.0	147.0	53.0	5.0
2016-04-30	8	TSEUNG KWAN O	99.0	43.0	28.0	34.0	139.0	52.0	6.0
2016-04-30	9	TSEUNG KWAN O	100.0	43.0	32.0	36.0	132.0	53.0	6.0
2016-04-30	10	TSEUNG KWAN O	98.0	39.0	28.0	31.0	133.0	54.0	6.0
2016-04-30	11	TSEUNG KWAN O	94.0	33.0	16.0	19.0	148.0	48.0	6.0
2016-04-30	12	TSEUNG KWAN O	100.0	32.0	21.0	25.0	140.0	41.0	9.0
2016-04-30	13	TSEUNG KWAN O	98.0	40.0	21.0	24.0	146.0	50.0	8.0
2016-04-30	14	TSEUNG KWAN O	101.0	42.0	23.0	27.0	142.0	58.0	8.0
2016-04-30	15	TSEUNG KWAN O	99.0	41.0	20.0	23.0	149.0	59.0	7.0
2016-04-30	16	TSEUNG KWAN O	98.0	39.0	21.0	24.0	158.0	57.0	7.0
2016-04-30	17	TSEUNG KWAN O	103.0	32.0	23.0	26.0	161.0	56.0	6.0
2016-04-30	18	TSEUNG KWAN O	106.0	37.0	17.0	20.0	173.0	65.0	6.0
2016-04-30	19	TSEUNG KWAN O	105.0	47.0	19.0	22.0	166.0	77.0	6.0
2016-04-30	20	TSEUNG KWAN O	105.0	49.0	19.0	22.0	159.0	64.0	6.0
2016-04-30	21	TSEUNG KWAN O	105.0	46.0	15.0	18.0	155.0	58.0	6.0
2016-04-30	22	TSEUNG KWAN O	101.0	47.0	16.0	19.0	137.0	69.0	4.0
2016-04-30	23	TSEUNG KWAN O	97.0	46.0	17.0	20.0	125.0	53.0	4.0
2016-04-30	24	TSEUNG KWAN O	103.0	44.0	24.0	27.0	108.0	48.0	4.0
